city,year,month,season,TMAX_mean,TMAX_max,TMAX_std,TMIN_mean,TMIN_min,TMIN_std,PRCP_sum,SNOW_sum,AWND_mean,TMAX_anomaly_mean,TMIN_anomaly_mean,PRCP_anomaly_sum
Chicago,2013,1,Winter,1.83,17.2,6.61,-7.84,-18.3,5.56,92.1,66.0,5.23,2.18,0.19,39.49
Houston,2013,1,Winter,18.43,27.2,6.21,7.65,-1.7,5.93,81.6,0.0,3.5,0.66,1.53,-16.25
Los Angeles,2013,1,Winter,18.73,26.7,4.41,8.48,3.3,3.11,33.0,0.0,2.54,-0.86,-1.5,-23.48
New York,2013,1,Winter,4.91,16.1,5.96,-1.48,-11.7,5.2,70.1,38.0,2.88,0.69,1.06,-17.06
Philadelphia,2013,1,Winter,6.38,20.0,6.29,-1.45,-11.1,4.68,84.9,100.0,3.84,1.1,1.4,3.98
Phoenix,2013,1,Winter,18.28,27.2,5.15,5.72,-1.7,4.5,35.5,0.0,2.03,-1.93,-1.76,19.23
San Antonio,2013,1,Winter,18.19,30.0,6.15,6.15,-1.7,5.7,71.9,0.0,3.41,0.3,1.03,31.35
San Diego,2013,1,Winter,18.08,26.7,3.94,8.39,3.9,3.08,30.8,0.0,1.7,-1.54,-1.76,-7.06
Chicago,2013,2,Winter,0.64,11.1,4.8,-7.19,-17.8,5.08,75.2,410.0,4.98,-0.48,0.58,20.41
Houston,2013,2,Winter,20.49,26.1,2.95,8.85,1.1,3.87,33.6,0.0,3.67,0.78,0.34,-18.6
Los Angeles,2013,2,Winter,18.2,26.7,4.05,8.59,3.9,2.48,5.1,0.0,2.91,-1.31,-1.68,-26.73
New York,2013,2,Winter,4.09,12.8,4.05,-1.96,-8.3,3.63,108.0,311.0,3.19,-1.82,-0.44,10.77
Philadelphia,2013,2,Winter,5.38,13.9,4.02,-1.92,-7.8,3.07,53.8,70.0,4.54,-1.65,-0.27,-31.01
Phoenix,2013,2,Winter,20.15,26.7,4.11,7.76,3.3,3.0,7.8,0.0,2.37,-2.06,-1.42,-7.54
San Antonio,2013,2,Winter,21.77,27.2,2.85,8.25,-0.6,4.44,2.7,0.0,3.8,2.08,0.87,-29.62
San Diego,2013,2,Winter,17.79,25.6,3.59,9.22,6.7,1.93,16.0,0.0,2.08,-2.08,-1.48,-10.85
Chicago,2013,3,Spring,4.24,15.0,4.66,-3.53,-10.0,3.65,50.9,266.0,4.61,-3.78,-2.38,-11.19
Houston,2013,3,Spring,22.89,32.2,4.14,9.59,-0.6,5.98,22.6,0.0,3.98,-0.88,-2.53,-50.02
Los Angeles,2013,3,Spring,18.51,27.8,2.89,11.69,8.9,1.4,16.8,0.0,2.93,-1.28,0.03,-18.14
New York,2013,3,Spring,7.94,15.0,3.65,1.1,-2.8,2.54,73.5,186.0,3.32,-2.02,-0.63,-18.84
Philadelphia,2013,3,Spring,9.45,16.7,3.77,0.78,-2.2,1.91,61.5,33.0,5.12,-1.56,-0.63,-38.04
Phoenix,2013,3,Spring,28.3,35.0,4.14,13.4,6.7,3.38,21.6,0.0,2.39,1.81,0.56,8.33
San Antonio,2013,3,Spring,24.5,35.0,4.27,9.64,0.6,5.82,24.1,0.0,4.07,0.52,-2.04,-20.49
San Diego,2013,3,Spring,18.84,26.7,2.85,12.4,8.9,1.54,31.0,0.0,2.28,-1.36,-0.39,1.26
Chicago,2013,4,Spring,13.51,29.4,6.41,3.04,-3.8,4.1,220.6,3.0,5.26,-0.96,-0.79,113.4
Houston,2013,4,Spring,25.0,29.4,3.7,13.47,3.9,5.24,73.1,0.0,4.33,-1.57,-1.96,-35.15
Los Angeles,2013,4,Spring,20.16,26.1,2.47,13.32,10.6,1.07,1.5,0.0,3.75,-0.82,0.2,-8.96
New York,2013,4,Spring,16.29,27.8,5.08,7.05,0.6,3.78,33.3,0.0,2.8,-0.07,-0.21,-65.15
Philadelphia,2013,4,Spring,18.14,31.7,5.92,7.19,-0.5,4.03,59.1,0.0,4.31,0.05,-0.16,-35.92
Phoenix,2013,4,Spring,31.33,38.9,4.0,16.81,11.7,2.55,1.5,0.0,3.17,-0.01,-0.08,-0.61
San Antonio,2013,4,Spring,25.98,32.2,4.08,13.62,5.0,4.97,70.4,0.0,4.31,-1.26,-1.63,-16.21
San Diego,2013,4,Spring,19.35,26.1,2.61,13.79,11.1,1.29,0.3,0.0,2.99,-1.98,-0.67,-12.63
Chicago,2013,5,Spring,21.8,32.8,6.91,10.38,2.2,4.73,126.0,0.0,4.13,0.41,-0.15,-12.61
Houston,2013,5,Spring,29.45,33.9,3.17,18.88,5.6,5.81,25.9,0.0,4.4,-0.72,-1.06,-114.51
Los Angeles,2013,5,Spring,22.54,32.2,2.51,15.82,14.4,1.11,10.0,0.0,3.5,1.54,1.32,3.76
New York,2013,5,Spring,21.77,32.2,4.95,12.43,5.6,4.52,203.3,0.0,2.18,-0.41,-0.43,88.35
Philadelphia,2013,5,Spring,23.39,33.9,5.11,13.01,5.0,4.7,59.2,0.0,3.89,-0.56,-0.38,-33.41
Phoenix,2013,5,Spring,35.55,39.4,2.83,22.16,18.9,1.7,0.0,0.0,3.38,0.49,1.16,-0.47
San Antonio,2013,5,Spring,30.28,36.1,3.84,18.34,5.6,5.69,299.79,0.0,4.79,-0.51,-1.22,155.21
San Diego,2013,5,Spring,21.35,29.4,2.71,16.29,14.4,0.75,6.6,0.0,3.18,0.27,0.43,-6.22
Chicago,2013,6,Summer,25.65,32.2,4.12,14.94,6.1,4.03,158.5,0.0,3.82,-1.54,-1.27,26.42
Houston,2013,6,Summer,34.82,41.7,2.12,23.36,20.0,1.98,113.3,0.0,2.78,1.28,-0.16,-53.99
Los Angeles,2013,6,Summer,22.83,29.4,2.04,17.08,15.6,0.76,0.0,0.0,3.31,0.33,0.61,-0.06
New York,2013,6,Summer,26.83,33.3,3.92,18.34,11.7,3.49,256.8,0.0,2.01,0.09,0.29,149.12
Philadelphia,2013,6,Summer,28.68,33.9,2.98,18.64,13.9,2.78,268.2,0.0,3.51,0.09,0.12,128.86
Phoenix,2013,6,Summer,41.94,46.14,1.87,27.33,24.4,1.99,0.0,0.0,3.21,1.02,0.32,-1.42
San Antonio,2013,6,Summer,34.07,42.2,2.79,23.58,18.3,2.19,51.3,0.0,3.74,0.17,0.29,-16.69
San Diego,2013,6,Summer,21.52,26.7,2.28,16.96,13.9,1.49,0.0,0.0,2.91,-0.86,-0.36,-0.56
Chicago,2013,7,Summer,27.68,35.6,4.66,18.05,12.2,3.74,56.4,0.0,3.36,-1.16,-0.92,-38.92
Houston,2013,7,Summer,34.31,37.2,2.0,23.55,20.0,1.71,104.0,0.0,2.86,-0.61,-1.02,15.86
Los Angeles,2013,7,Summer,23.29,27.2,1.37,17.77,16.7,0.75,0.8,0.0,3.28,-1.08,-0.56,-0.96
New York,2013,7,Summer,30.17,36.7,3.69,22.97,17.8,2.75,72.2,0.0,1.99,0.43,1.27,-77.83
Philadelphia,2013,7,Summer,31.13,36.7,3.21,22.84,17.2,2.54,299.79,0.0,3.7,-0.09,1.09,155.21
Phoenix,2013,7,Summer,40.93,45.0,2.98,28.99,23.3,2.66,45.0,0.0,3.6,-0.79,0.1,26.54
San Antonio,2013,7,Summer,36.06,39.4,2.41,24.11,18.3,2.03,18.6,0.0,3.72,0.16,-0.36,-18.69
San Diego,2013,7,Summer,23.55,26.7,1.43,18.95,17.2,0.77,1.3,0.0,2.64,-1.18,-0.65,-3.19
Chicago,2013,8,Summer,28.19,35.6,3.52,17.38,12.8,3.0,43.0,0.0,3.3,-0.27,-1.0,-25.69
Houston,2013,8,Summer,35.09,38.3,2.41,24.11,20.6,1.51,84.6,0.0,2.76,0.05,-0.25,-89.23
Los Angeles,2013,8,Summer,23.41,33.3,2.69,17.27,13.9,1.54,0.0,0.0,3.18,-1.6,-1.48,-0.13
New York,2013,8,Summer,27.53,32.2,2.1,19.81,15.0,2.03,72.5,0.0,1.72,-1.44,-1.25,-35.21
Philadelphia,2013,8,Summer,27.76,31.7,2.5,19.6,14.4,2.36,150.1,0.0,3.11,-1.66,-0.73,42.37
Phoenix,2013,8,Summer,40.7,45.6,3.14,28.95,24.4,2.51,9.2,0.0,3.18,0.06,0.47,-17.13
San Antonio,2013,8,Summer,38.17,40.6,1.49,24.7,21.7,1.26,21.6,0.0,3.44,2.02,0.18,-26.14
San Diego,2013,8,Summer,24.28,31.7,2.62,18.7,17.2,1.38,0.0,0.0,2.57,-1.66,-1.67,-0.87
Chicago,2013,9,Fall,25.03,35.0,4.99,14.06,7.8,4.75,65.4,0.0,3.69,-0.24,-1.29,-9.28
Houston,2013,9,Fall,33.2,37.8,2.56,22.75,17.2,1.74,129.4,0.0,2.95,0.87,0.7,-24.06
Los Angeles,2013,9,Fall,24.85,30.6,2.56,17.54,13.3,1.98,0.0,0.0,3.07,-1.07,-1.14,-5.64
New York,2013,9,Fall,24.64,35.6,3.92,15.22,8.3,4.34,75.0,0.0,1.79,-0.68,-2.13,-28.0
Philadelphia,2013,9,Fall,25.2,34.4,3.82,14.74,8.3,4.32,83.0,0.0,3.05,-1.62,-2.23,-5.35
Phoenix,2013,9,Fall,37.5,43.9,4.34,25.5,17.2,4.29,21.8,0.0,2.93,-0.55,-0.27,-2.26
San Antonio,2013,9,Fall,34.66,38.3,2.84,22.41,13.9,3.18,94.0,0.0,3.12,1.59,0.58,-20.06
San Diego,2013,9,Fall,25.15,31.1,2.89,18.72,15.0,1.95,0.0,0.0,2.59,-1.19,-1.11,-7.39
Chicago,2013,10,Fall,16.89,26.7,6.15,6.59,-1.6,5.64,79.3,0.0,3.77,-0.54,-1.31,-34.03
Houston,2013,10,Fall,27.49,33.9,3.14,16.18,7.8,4.51,180.0,0.0,2.71,-0.84,-0.18,51.66
Los Angeles,2013,10,Fall,22.85,32.8,4.21,14.62,11.1,1.82,0.5,0.0,2.85,-2.2,-1.72,-3.52
New York,2013,10,Fall,19.38,30.0,4.78,11.94,4.4,4.22,9.2,0.0,2.25,0.51,0.3,-96.27
Philadelphia,2013,10,Fall,20.58,30.0,5.31,11.2,2.8,4.89,62.4,0.0,3.56,-0.25,-0.62,-26.98
Phoenix,2013,10,Fall,30.62,36.1,3.77,16.64,11.7,2.44,0.0,0.0,2.64,-1.45,-1.97,-19.6
San Antonio,2013,10,Fall,28.82,33.9,3.73,17.24,7.8,5.42,71.3,0.0,3.48,-0.06,0.44,-6.22
San Diego,2013,10,Fall,22.51,31.1,3.26,15.25,12.8,1.71,6.4,0.0,2.29,-2.54,-1.63,-0.07
Chicago,2013,11,Fall,7.38,20.6,5.88,-1.26,-11.6,5.74,53.2,23.0,5.09,-2.51,-2.3,4.92
Houston,2013,11,Fall,20.14,29.4,6.47,8.86,-0.5,5.57,96.8,0.0,3.74,-1.92,-1.72,20.36
Los Angeles,2013,11,Fall,22.44,32.2,4.12,13.21,10.0,1.69,17.5,0.0,2.47,0.13,0.79,1.42
New York,2013,11,Fall,11.18,21.1,5.69,3.59,-4.9,5.25,80.2,0.0,2.79,-1.5,-1.8,-11.72
Philadelphia,2013,11,Fall,12.24,21.7,5.73,2.77,-6.6,4.95,69.4,0.0,4.34,-0.76,-0.77,20.17
Phoenix,2013,11,Fall,25.22,33.3,4.87,13.3,7.8,2.84,61.8,0.0,2.49,-0.57,0.63,47.52
San Antonio,2013,11,Fall,20.71,31.7,6.85,10.29,0.6,6.73,38.2,0.0,3.11,-1.5,-0.72,-18.07
San Diego,2013,11,Fall,21.68,28.9,3.08,13.7,10.6,1.72,37.6,0.0,1.8,-0.83,0.84,15.02
Chicago,2013,12,Winter,-0.12,13.3,6.13,-8.08,-21.0,7.2,49.5,362.0,4.45,-3.74,-3.98,-6.85
Houston,2013,12,Winter,16.14,27.2,6.46,5.38,-1.0,5.97,42.3,0.0,2.99,-3.33,-3.16,-57.61
Los Angeles,2013,12,Winter,20.79,29.4,4.48,9.21,3.9,2.69,7.6,0.0,2.24,1.54,-0.61,-63.86
New York,2013,12,Winter,6.93,21.7,6.41,0.42,-7.1,5.4,123.2,219.0,2.63,-0.84,-1.33,12.94
Philadelphia,2013,12,Winter,7.6,20.0,6.07,-0.12,-6.0,4.86,132.2,285.0,3.67,-1.64,-1.84,40.0
Phoenix,2013,12,Winter,19.78,27.8,3.77,7.21,2.2,2.63,9.9,0.0,2.19,0.03,-0.85,-10.92
San Antonio,2013,12,Winter,17.08,30.0,6.47,5.27,-1.6,5.41,14.1,0.0,2.7,-1.93,-2.33,-36.93
San Diego,2013,12,Winter,20.3,27.8,3.85,10.12,6.7,1.93,11.7,0.0,1.67,0.87,0.08,-44.05
Chicago,2014,1,Winter,-0.12,10.56,6.81,-8.08,-21.04,7.2,71.8,517.38,5.26,-3.67,-3.98,19.19
Houston,2014,1,Winter,16.59,25.0,6.08,2.85,-6.0,4.99,24.5,0.0,3.77,-1.18,-3.27,-73.35
Los Angeles,2014,1,Winter,22.03,30.6,4.35,10.55,7.8,1.73,0.0,0.0,2.04,2.45,0.58,-56.48
New York,2014,1,Winter,1.94,14.4,6.67,-5.6,-15.5,6.33,71.0,500.0,3.0,-2.27,-3.06,-16.16
Philadelphia,2014,1,Winter,2.89,16.1,7.48,-6.92,-15.5,5.34,90.4,517.38,4.25,-2.39,-3.98,9.48
Phoenix,2014,1,Winter,22.81,27.2,2.18,8.19,3.9,2.78,0.0,0.0,1.85,2.61,0.71,-16.27
San Antonio,2014,1,Winter,17.97,27.8,6.8,3.23,-5.5,4.58,5.8,3.0,3.36,0.08,-1.88,-34.75
San Diego,2014,1,Winter,21.42,27.8,3.34,11.13,7.8,1.88,0.3,0.0,1.43,1.79,0.97,-37.56
Chicago,2014,2,Winter,-0.12,10.56,5.45,-8.08,-21.04,6.27,63.0,498.0,4.69,-3.82,-3.98,8.21
Houston,2014,2,Winter,17.79,26.7,7.15,7.43,-1.6,6.31,60.8,0.0,3.7,-1.92,-1.09,8.6
Los Angeles,2014,2,Winter,19.32,25.6,2.62,11.48,7.8,1.67,70.9,0.0,2.79,-0.18,1.21,39.07
New York,2014,2,Winter,3.08,13.3,5.09,-3.4,-12.7,4.78,139.2,517.38,2.83,-2.83,-1.88,41.97
Philadelphia,2014,2,Winter,4.11,17.2,5.69,-3.88,-12.1,3.73,130.0,517.38,4.0,-2.91,-2.23,45.19
Phoenix,2014,2,Winter,24.9,31.1,4.43,11.13,5.0,2.32,0.0,0.0,2.29,2.7,1.95,-15.34
San Antonio,2014,2,Winter,20.5,33.3,7.98,7.77,-1.6,6.73,10.6,8.0,3.61,0.8,0.39,-21.72
San Diego,2014,2,Winter,20.02,24.4,2.57,12.4,8.9,1.7,25.5,0.0,2.2,0.15,1.69,-1.35
Chicago,2014,3,Spring,4.96,20.0,6.87,-5.25,-18.8,5.85,43.5,313.0,4.93,-3.05,-3.98,-18.59
Houston,2014,3,Spring,20.78,29.4,5.95,9.06,-2.7,5.24,62.3,0.0,3.85,-3.0,-3.07,-10.32
Los Angeles,2014,3,Spring,20.61,29.4,3.21,13.12,10.6,1.25,9.2,0.0,3.3,0.82,1.46,-25.74
New York,2014,3,Spring,7.52,18.9,5.8,-1.17,-10.5,4.89,93.3,3.0,3.21,-2.43,-2.9,0.96
Philadelphia,2014,3,Spring,8.92,20.6,6.34,-1.25,-11.0,4.6,107.5,215.0,4.9,-2.08,-2.66,7.96
Phoenix,2014,3,Spring,27.36,31.7,2.66,13.74,11.7,1.53,25.2,0.0,2.95,0.87,0.9,11.93
San Antonio,2014,3,Spring,22.62,35.0,6.16,9.15,-2.7,5.33,26.9,0.0,4.23,-1.36,-2.53,-17.69
San Diego,2014,3,Spring,21.03,30.6,2.98,14.61,11.1,1.35,32.6,0.0,2.45,0.83,1.81,2.86
Chicago,2014,4,Spring,15.14,26.7,5.57,3.27,-3.2,3.67,72.2,36.0,5.12,0.68,-0.56,-35.0
Houston,2014,4,Spring,26.13,33.3,3.96,15.43,5.0,5.0,39.6,0.0,4.2,-0.44,0.01,-68.65
Los Angeles,2014,4,Spring,20.98,31.7,3.92,13.04,9.4,1.64,6.6,0.0,3.69,0.01,-0.08,-3.86
New York,2014,4,Spring,16.23,25.0,4.73,6.36,-0.5,3.51,199.4,0.0,2.81,-0.13,-0.91,100.95
Philadelphia,2014,4,Spring,17.87,27.8,4.85,6.38,-0.5,3.52,170.0,0.0,4.69,-0.22,-0.97,74.98
Phoenix,2014,4,Spring,30.76,36.7,4.11,16.84,10.0,2.97,0.0,0.0,3.48,-0.57,-0.06,-2.11
San Antonio,2014,4,Spring,28.32,37.2,5.06,15.27,3.9,5.26,17.3,0.0,4.51,1.08,0.02,-69.31
San Diego,2014,4,Spring,21.98,34.4,4.37,14.95,11.1,1.76,13.6,0.0,3.0,0.66,0.49,0.67
Chicago,2014,5,Spring,21.68,31.7,6.92,9.84,2.8,3.99,126.4,0.0,4.55,0.3,-0.7,-12.21
Houston,2014,5,Spring,28.79,31.1,2.49,17.97,8.9,3.77,297.4,0.0,3.89,-1.37,-1.96,128.36
Los Angeles,2014,5,Spring,24.77,36.1,5.29,16.25,12.2,2.06,0.0,0.0,3.65,3.77,1.74,-6.24
New York,2014,5,Spring,22.51,30.0,3.82,13.05,9.4,2.45,111.0,0.0,2.02,0.33,0.19,-3.95
Philadelphia,2014,5,Spring,23.77,31.1,3.74,13.36,9.4,2.56,73.9,0.0,3.71,-0.18,-0.03,-18.71
Phoenix,2014,5,Spring,35.29,42.2,4.34,21.54,15.0,3.09,0.0,0.0,3.74,0.23,0.55,-0.47
San Antonio,2014,5,Spring,30.49,35.0,3.4,18.07,8.3,4.06,126.2,0.0,5.05,-0.3,-1.48,-12.88
San Diego,2014,5,Spring,24.35,36.1,5.69,17.29,13.9,1.42,0.0,0.0,2.94,3.27,1.43,-12.82
Chicago,2014,6,Summer,27.2,32.8,3.53,16.05,9.4,3.62,198.3,0.0,4.2,0.02,-0.15,66.22
Houston,2014,6,Summer,32.6,34.4,1.44,23.45,20.0,1.61,55.5,0.0,3.51,-0.94,-0.06,-111.79
Los Angeles,2014,6,Summer,22.46,24.4,1.15,17.09,15.0,1.31,0.0,0.0,3.41,-0.03,0.62,-0.06
New York,2014,6,Summer,26.91,31.7,2.71,18.04,12.8,2.45,108.1,0.0,1.8,0.17,-0.02,0.42
Philadelphia,2014,6,Summer,28.7,34.4,2.86,18.48,12.2,2.76,138.8,0.0,3.33,0.12,-0.04,-0.54
Phoenix,2014,6,Summer,41.25,43.3,1.4,26.73,23.9,1.96,0.0,0.0,3.32,-0.18,-0.28,-1.42
San Antonio,2014,6,Summer,33.29,35.6,1.29,23.52,19.4,1.9,136.6,0.0,5.26,-0.61,0.23,68.61
San Diego,2014,6,Summer,22.51,24.4,1.15,17.9,16.7,0.77,0.0,0.0,2.68,0.13,0.58,-0.56
Chicago,2014,7,Summer,26.14,31.1,2.69,16.08,12.2,2.93,53.4,0.0,3.73,-2.7,-2.89,-5.02
Houston,2014,7,Summer,33.92,37.2,1.71,23.5,22.2,1.01,137.3,0.0,2.23,-1.01,-1.07,49.16
Los Angeles,2014,7,Summer,24.99,28.9,1.43,19.25,18.3,0.75,3.6,0.0,3.6,0.62,0.92,1.84
New York,2014,7,Summer,28.6,32.8,2.37,20.45,17.2,1.68,142.0,0.0,1.92,-1.15,-1.25,-8.03
Philadelphia,2014,7,Summer,30.42,35.6,2.85,20.68,16.7,2.08,109.3,0.0,4.03,-0.8,-1.07,-39.45
Phoenix,2014,7,Summer,41.71,46.14,2.11,28.99,24.4,2.03,1.6,0.0,3.37,-0.01,0.2,-16.86
San Antonio,2014,7,Summer,34.85,37.2,1.72,23.86,22.2,1.17,82.6,0.0,3.75,-1.05,-0.61,45.31
San Diego,2014,7,Summer,25.7,29.4,1.74,20.58,19.4,0.75,0.0,0.0,2.7,0.97,0.98,-4.49
Houston,2014,8,Summer,34.43,37.2,2.31,23.97,21.7,1.1,31.6,0.0,2.68,-0.62,-0.39,-114.51
Los Angeles,2014,8,Summer,24.8,28.9,1.36,18.79,16.7,0.87,0.8,0.0,3.45,-0.21,0.04,0.67
New York,2014,8,Summer,28.03,32.2,2.59,19.21,16.1,1.84,57.2,0.0,1.66,-0.94,-1.85,-50.51
Philadelphia,2014,8,Summer,28.45,33.9,2.4,18.96,15.6,1.85,90.1,0.0,3.15,-0.97,-1.37,-17.63
Phoenix,2014,8,Summer,39.05,43.9,2.98,27.13,21.7,2.47,29.7,0.0,3.16,-1.59,-1.35,3.37
San Antonio,2014,8,Summer,37.45,38.9,1.35,24.85,21.1,1.5,2.0,0.0,4.08,1.3,0.33,-45.74
San Diego,2014,8,Summer,25.86,29.4,1.29,20.59,19.4,0.75,2.1,0.0,2.69,-0.08,0.22,1.23
Houston,2014,9,Fall,31.78,36.1,3.01,22.24,17.8,2.08,98.7,0.0,2.62,-0.55,0.19,-54.76
Los Angeles,2014,9,Fall,26.04,32.2,2.47,19.51,16.7,1.64,0.5,0.0,3.23,0.12,0.83,-5.14
New York,2014,9,Fall,25.16,33.3,4.16,16.77,11.1,3.75,30.7,0.0,1.86,-0.17,-0.58,-72.3
Philadelphia,2014,9,Fall,26.02,33.9,4.01,16.75,10.0,3.75,43.0,0.0,3.39,-0.8,-0.22,-45.35
Phoenix,2014,9,Fall,37.34,42.8,3.53,26.01,18.9,2.92,129.9,0.0,2.82,-0.71,0.24,105.84
San Antonio,2014,9,Fall,33.22,37.2,3.67,22.27,17.2,2.85,44.9,0.0,3.47,0.15,0.44,-69.16
San Diego,2014,9,Fall,27.22,33.9,2.62,21.19,17.8,1.53,0.0,0.0,2.71,0.88,1.36,-7.39
Houston,2014,10,Fall,29.35,33.9,2.26,15.99,10.6,3.35,74.9,0.0,2.5,1.02,-0.38,-53.44
Los Angeles,2014,10,Fall,25.1,35.0,3.63,17.08,15.0,1.28,6.1,0.0,2.63,0.05,0.73,2.08
New York,2014,10,Fall,18.82,25.0,3.42,11.89,5.6,3.57,146.7,0.0,2.28,-0.06,0.25,41.23
Philadelphia,2014,10,Fall,19.78,26.1,3.76,11.24,3.9,3.98,64.4,0.0,4.05,-1.06,-0.59,-24.98
Phoenix,2014,10,Fall,33.2,37.2,2.08,20.11,17.8,1.21,3.3,0.0,2.2,1.13,1.5,-16.3
San Antonio,2014,10,Fall,30.73,35.0,2.5,18.45,10.6,4.11,48.6,0.0,3.59,1.85,1.66,-28.92
San Diego,2014,10,Fall,25.89,33.9,3.41,18.34,16.1,1.25,0.0,0.0,1.75,0.85,1.45,-6.47
Houston,2014,11,Fall,19.8,27.8,5.63,8.46,-1.0,5.38,86.3,0.0,3.26,-2.26,-2.12,9.86
Los Angeles,2014,11,Fall,23.1,31.1,3.76,13.48,10.6,1.87,10.7,0.0,2.62,0.79,1.07,-5.38
New York,2014,11,Fall,10.91,20.6,5.59,3.89,-5.5,5.04,114.6,5.0,2.43,-1.76,-1.49,22.68
Philadelphia,2014,11,Fall,11.76,22.2,5.97,2.89,-6.6,4.95,103.5,0.0,4.53,-1.24,-0.64,54.27
Phoenix,2014,11,Fall,25.73,32.2,3.34,12.16,5.6,3.62,0.0,0.0,2.51,-0.06,-0.51,-14.28
San Antonio,2014,11,Fall,19.55,27.2,5.94,8.59,-0.5,5.55,183.1,0.0,3.85,-2.66,-2.42,126.83
San Diego,2014,11,Fall,23.51,32.8,3.53,13.87,10.0,2.34,9.5,0.0,1.76,1.01,1.01,-13.08
Houston,2014,12,Winter,18.43,26.7,5.25,9.3,1.1,4.28,142.2,0.0,3.33,-1.04,0.76,42.29
Los Angeles,2014,12,Winter,18.28,26.1,2.89,10.81,4.4,3.01,102.5,0.0,2.52,-0.97,0.99,31.04
New York,2014,12,Winter,7.3,18.3,4.51,2.2,-4.3,3.02,153.4,25.0,3.04,-0.47,0.45,43.14
Philadelphia,2014,12,Winter,8.41,18.3,4.57,1.72,-3.8,2.8,83.1,3.0,4.44,-0.83,-0.0,-9.1
Phoenix,2014,12,Winter,19.55,25.6,3.83,9.03,1.7,4.16,23.2,0.0,2.03,-0.2,0.97,2.38
San Antonio,2014,12,Winter,18.06,24.4,4.72,9.39,-0.5,4.76,31.6,0.0,3.35,-0.94,1.79,-19.43
San Diego,2014,12,Winter,19.62,25.0,2.78,12.09,6.1,2.77,114.3,0.0,1.81,0.18,2.04,58.55
Chicago,2015,1,Winter,-0.12,10.56,5.58,-8.08,-21.04,6.92,35.9,353.0,4.61,-1.29,-1.01,-16.71
Houston,2015,1,Winter,15.17,27.2,6.59,4.65,-2.1,3.2,80.6,0.0,3.05,-2.6,-1.47,-17.25
Los Angeles,2015,1,Winter,20.43,28.3,4.04,10.49,2.2,3.03,31.7,0.0,1.95,0.85,0.51,-24.78
New York,2015,1,Winter,2.3,13.3,4.31,-4.58,-13.2,4.67,132.7,428.0,3.25,-1.91,-2.04,45.54
Philadelphia,2015,1,Winter,3.25,14.4,4.48,-4.41,-12.7,3.97,114.9,109.0,4.82,-2.03,-1.56,33.98
San Antonio,2015,1,Winter,15.52,27.8,7.25,3.98,-2.1,3.26,93.3,0.0,3.3,-2.37,-1.14,52.75
San Diego,2015,1,Winter,20.78,26.7,3.05,11.23,5.0,2.73,10.7,0.0,1.32,1.16,1.07,-27.16
Chicago,2015,2,Winter,-0.12,10.56,4.98,-8.08,-21.04,5.19,37.0,517.38,4.82,-3.82,-3.98,-17.79
Houston,2015,2,Winter,17.45,28.3,6.59,5.41,-0.5,4.43,16.8,0.0,3.51,-2.26,-3.11,-35.4
Los Angeles,2015,2,Winter,20.39,28.9,3.9,11.86,7.2,2.01,6.9,0.0,2.71,0.88,1.59,-24.93
New York,2015,2,Winter,0.08,10.56,3.81,-8.08,-16.6,4.48,51.9,346.0,3.24,-3.82,-3.98,-45.33
Philadelphia,2015,2,Winter,1.21,10.6,4.88,-7.98,-16.6,4.68,59.9,270.0,4.76,-3.82,-3.98,-24.91
San Antonio,2015,2,Winter,17.22,28.9,7.49,6.28,0.0,4.73,13.4,0.0,3.75,-2.47,-1.1,-18.92
San Diego,2015,2,Winter,21.34,30.0,3.49,13.2,10.6,1.69,7.1,0.0,2.1,1.48,2.49,-19.75
Chicago,2015,3,Spring,6.92,22.8,7.23,-3.09,-17.7,5.77,28.0,180.0,4.4,-1.1,-1.95,-34.09
Houston,2015,3,Spring,22.24,28.3,5.77,11.64,-1.0,4.97,161.0,0.0,3.03,-1.53,-0.49,88.38
Los Angeles,2015,3,Spring,22.92,32.2,4.63,13.17,8.3,2.78,12.5,0.0,2.8,3.13,1.52,-22.44
New York,2015,3,Spring,7.36,16.7,4.36,-0.54,-11.0,4.2,120.1,473.0,2.74,-2.59,-2.28,27.76
Philadelphia,2015,3,Spring,8.8,20.0,5.41,-0.81,-11.6,4.17,140.1,306.0,4.21,-2.21,-2.22,40.56
San Antonio,2015,3,Spring,21.25,28.3,5.83,10.87,-0.5,5.22,75.6,0.0,3.42,-2.73,-0.8,31.01
San Diego,2015,3,Spring,23.45,32.2,4.44,14.97,10.0,2.54,23.7,0.0,2.1,3.25,2.18,-6.04
Chicago,2015,4,Spring,15.56,25.6,4.47,3.76,-2.1,3.12,73.0,0.0,4.7,1.1,-0.07,-34.2
Houston,2015,4,Spring,27.02,31.1,2.93,17.93,11.1,3.17,154.9,0.0,3.41,0.45,2.5,46.65
Los Angeles,2015,4,Spring,20.9,28.3,3.07,12.68,8.9,1.4,2.8,0.0,3.63,-0.08,-0.44,-7.66
New York,2015,4,Spring,17.01,26.7,4.71,7.73,0.0,3.73,52.9,0.0,2.92,0.64,0.47,-45.55
Philadelphia,2015,4,Spring,18.48,27.2,5.09,7.47,1.1,3.38,90.9,0.0,4.82,0.39,0.12,-4.12
San Antonio,2015,4,Spring,26.57,32.8,3.27,17.52,9.4,3.56,191.7,0.0,3.84,-0.67,2.27,105.09
San Diego,2015,4,Spring,22.16,30.0,3.14,15.34,13.3,1.04,0.5,0.0,2.59,0.84,0.87,-12.43
Chicago,2015,5,Spring,21.09,28.3,5.81,10.41,3.3,4.75,118.5,0.0,4.59,-0.3,-0.13,-20.11
Houston,2015,5,Spring,29.39,32.8,1.76,20.56,13.9,3.07,299.79,0.0,3.9,-0.77,0.63,155.21
Los Angeles,2015,5,Spring,19.01,22.2,1.15,13.23,9.4,1.09,10.9,0.0,3.73,-1.99,-1.28,4.66
New York,2015,5,Spring,25.76,31.1,4.06,14.8,8.9,3.66,47.2,0.0,1.89,3.58,1.94,-67.75
Philadelphia,2015,5,Spring,27.19,33.3,4.34,15.14,8.3,4.08,30.4,0.0,3.82,3.24,1.75,-62.21
San Antonio,2015,5,Spring,29.01,32.2,2.52,20.25,12.2,2.86,217.7,0.0,4.72,-1.78,0.7,78.62
San Diego,2015,5,Spring,20.03,26.1,1.65,15.46,11.7,1.25,60.8,0.0,3.05,-1.04,-0.4,47.98
Chicago,2015,6,Summer,24.95,33.3,3.89,14.31,5.6,3.54,180.9,0.0,3.72,-2.23,-1.9,48.82
Houston,2015,6,Summer,32.64,34.4,1.8,23.1,18.9,1.55,289.5,0.0,2.57,-0.9,-0.41,122.21
Los Angeles,2015,6,Summer,21.99,29.4,2.44,16.15,13.9,1.26,0.3,0.0,3.4,-0.51,-0.32,0.24
New York,2015,6,Summer,25.83,32.2,4.99,17.71,10.0,3.78,121.7,0.0,2.12,-0.91,-0.35,14.02
Philadelphia,2015,6,Summer,28.35,35.0,4.73,19.18,11.7,3.56,225.7,0.0,4.11,-0.24,0.66,86.36
San Antonio,2015,6,Summer,31.88,33.9,1.48,23.26,18.3,1.7,163.1,0.0,3.7,-2.02,-0.03,95.11
San Diego,2015,6,Summer,23.02,27.8,2.17,17.92,16.1,1.25,1.0,0.0,2.68,0.64,0.6,0.44
Chicago,2015,7,Summer,27.74,33.3,3.73,17.06,11.7,3.0,72.4,0.0,3.49,-1.1,-1.92,-22.92
Houston,2015,7,Summer,35.36,38.3,1.62,24.72,21.7,1.29,15.5,0.0,2.8,0.44,0.15,-72.64
Los Angeles,2015,7,Summer,24.1,30.0,2.19,18.45,16.7,1.33,8.9,0.0,3.61,-0.27,0.12,7.14
New York,2015,7,Summer,29.95,35.6,2.73,22.05,17.8,2.2,100.9,0.0,1.56,0.2,0.35,-49.13
Philadelphia,2015,7,Summer,30.65,35.0,2.51,21.85,17.8,2.2,80.2,0.0,3.25,-0.57,0.1,-68.55
San Antonio,2015,7,Summer,34.86,37.8,1.69,24.73,21.1,1.15,1.8,0.0,5.12,-1.05,0.25,-35.49
San Diego,2015,7,Summer,25.07,31.1,2.05,19.85,17.8,1.3,43.6,0.0,2.52,0.34,0.24,39.11
Chicago,2015,8,Summer,27.18,33.3,3.47,16.98,10.6,2.63,54.9,0.0,3.6,-1.28,-1.4,-13.79
Houston,2015,8,Summer,35.41,41.1,3.01,23.54,20.6,1.79,74.7,0.0,2.32,0.37,-0.82,-99.13
Los Angeles,2015,8,Summer,25.75,30.0,2.01,19.55,17.8,1.13,0.0,0.0,3.27,0.74,0.8,-0.13
New York,2015,8,Summer,30.5,35.0,1.95,21.68,17.2,2.07,59.7,0.0,1.66,1.53,0.63,-48.01
Philadelphia,2015,8,Summer,31.13,34.4,2.03,21.14,17.2,2.03,24.9,0.0,3.65,1.71,0.8,-82.83
San Antonio,2015,8,Summer,36.75,40.0,1.73,24.8,21.7,1.35,7.4,0.0,3.69,0.59,0.29,-40.34
San Diego,2015,8,Summer,26.99,32.2,2.37,20.92,15.6,1.55,0.3,0.0,2.4,1.05,0.55,-0.57
Chicago,2015,9,Fall,25.6,33.3,4.48,15.46,8.9,4.27,117.8,0.0,3.66,0.33,0.12,43.12
Houston,2015,9,Fall,31.87,35.6,2.72,21.39,15.0,2.24,65.8,0.0,2.26,-0.47,-0.66,-87.66
Los Angeles,2015,9,Fall,27.34,33.3,2.63,20.55,17.8,1.71,46.0,0.0,2.92,1.42,1.87,40.36
New York,2015,9,Fall,28.13,36.1,3.77,19.03,13.3,3.2,83.3,0.0,1.96,2.8,1.68,-19.7
Philadelphia,2015,9,Fall,28.67,35.6,3.99,18.55,13.3,2.97,159.3,0.0,3.55,1.85,1.58,70.95
San Antonio,2015,9,Fall,34.4,37.8,1.44,22.76,18.3,2.49,58.9,0.0,3.24,1.33,0.93,-55.16
San Diego,2015,9,Fall,28.31,35.6,2.92,21.88,19.4,1.75,31.5,0.0,2.2,1.97,2.05,24.11
Chicago,2015,10,Fall,17.34,26.1,4.53,7.91,0.6,3.89,56.8,0.0,4.89,-0.1,0.01,-56.53
Houston,2015,10,Fall,29.26,35.0,3.54,16.63,10.6,3.36,299.79,0.0,3.33,0.93,0.27,155.21
Los Angeles,2015,10,Fall,27.34,37.2,3.64,19.31,15.6,2.21,2.5,0.0,3.07,2.29,2.97,-1.52
New York,2015,10,Fall,18.57,25.6,4.27,10.38,1.7,3.76,99.4,0.0,2.33,-0.31,-1.26,-6.07
Philadelphia,2015,10,Fall,19.46,26.7,4.17,9.98,1.7,3.53,95.5,0.0,4.35,-1.37,-1.84,6.12
San Antonio,2015,10,Fall,30.81,36.1,3.11,17.8,11.1,3.4,197.7,0.0,3.61,1.93,1.0,120.18
San Diego,2015,10,Fall,27.06,37.2,3.83,19.99,16.7,2.19,11.0,0.0,2.07,2.02,3.11,4.53
Chicago,2015,11,Fall,12.05,22.2,6.63,1.96,-13.8,6.06,114.1,285.0,5.18,2.17,0.92,65.82
Houston,2015,11,Fall,22.47,28.9,4.22,12.11,1.7,4.8,96.5,0.0,3.35,0.41,1.53,20.06
Los Angeles,2015,11,Fall,22.26,31.7,3.86,11.32,7.2,2.2,1.6,0.0,3.14,-0.05,-1.1,-14.48
New York,2015,11,Fall,15.18,23.3,4.59,7.92,0.0,4.46,51.2,0.0,2.18,2.5,2.53,-40.72
Philadelphia,2015,11,Fall,16.45,26.7,4.8,7.05,0.6,4.41,48.0,0.0,3.6,3.44,3.52,-1.23
San Antonio,2015,11,Fall,22.35,30.0,5.25,12.17,0.6,5.81,65.6,0.0,3.5,0.14,1.16,9.33
San Diego,2015,11,Fall,22.26,28.9,3.42,12.56,8.3,1.99,39.3,0.0,2.16,-0.25,-0.3,16.72
Chicago,2015,12,Winter,6.95,16.1,5.14,0.85,-9.3,4.14,123.6,114.0,5.1,3.66,3.93,67.25
Houston,2015,12,Winter,20.59,28.3,5.1,9.8,2.8,5.89,132.4,0.0,3.26,1.13,1.25,32.49
Los Angeles,2015,12,Winter,18.93,26.7,3.7,9.21,3.9,3.01,27.4,0.0,3.14,-0.32,-0.61,-44.06
New York,2015,12,Winter,13.5,22.2,4.45,7.37,1.1,4.22,120.0,0.0,2.34,4.38,3.93,9.74
Philadelphia,2015,12,Winter,14.55,21.7,4.54,6.76,-1.0,4.56,130.6,0.0,3.54,4.38,3.93,38.4
San Antonio,2015,12,Winter,21.14,28.3,4.6,7.97,1.1,5.06,37.6,0.0,3.2,2.13,0.37,-13.43
San Diego,2015,12,Winter,19.18,25.0,3.09,9.83,5.0,2.41,22.5,0.0,2.01,-0.25,-0.21,-33.25
Chicago,2016,1,Winter,-0.1,10.56,5.53,-7.9,-19.9,6.57,21.5,161.0,4.79,0.26,0.13,-31.11
Houston,2016,1,Winter,17.29,26.1,4.23,5.33,0.0,3.88,54.9,0.0,3.0,-0.47,-0.79,-42.95
Los Angeles,2016,1,Winter,17.8,24.4,2.47,9.94,6.7,1.94,74.9,0.0,2.7,-1.79,-0.04,18.42
New York,2016,1,Winter,4.89,15.0,4.44,-2.09,-11.6,4.29,112.1,517.38,3.12,0.68,0.45,24.94
Phoenix,2016,1,Winter,19.1,24.4,3.45,7.18,2.2,2.38,33.3,0.0,2.35,-1.11,-0.3,17.03
San Antonio,2016,1,Winter,17.65,28.3,4.69,4.38,-1.0,3.37,35.0,0.0,2.91,-0.23,-0.73,-5.55
San Diego,2016,1,Winter,18.58,22.2,2.0,10.88,6.7,2.01,81.6,0.0,2.08,-1.04,0.73,43.74
Chicago,2016,2,Winter,2.92,16.7,6.99,-4.63,-16.6,5.44,31.2,139.0,5.23,1.81,3.13,-25.55
Houston,2016,2,Winter,21.61,27.2,3.82,8.49,0.6,5.12,49.5,0.0,3.46,1.9,-0.02,-4.56
Los Angeles,2016,2,Winter,23.0,31.7,5.24,11.47,5.0,2.57,18.5,0.0,2.44,3.49,1.19,-14.47
New York,2016,2,Winter,7.14,16.1,7.04,-0.73,-18.2,6.37,112.0,103.0,3.27,1.23,0.79,11.3
Phoenix,2016,2,Winter,26.61,32.2,5.71,10.86,1.1,3.96,0.0,0.0,2.55,4.38,1.68,-15.89
San Antonio,2016,2,Winter,22.29,27.8,3.73,7.94,-1.0,5.55,39.4,0.0,3.8,2.59,0.56,5.93
San Diego,2016,2,Winter,23.55,31.7,4.21,11.89,6.7,2.2,1.3,0.0,1.7,3.68,1.18,-26.51
Chicago,2016,3,Spring,10.83,21.1,5.81,1.74,-11.6,5.24,85.0,65.0,4.81,2.81,2.88,22.91
Houston,2016,3,Spring,23.98,30.6,3.3,13.1,1.1,4.93,82.7,0.0,4.07,0.21,0.97,10.08
Los Angeles,2016,3,Spring,19.47,25.0,2.27,12.16,8.3,1.75,37.1,0.0,3.77,-0.31,0.5,2.16
New York,2016,3,Spring,14.11,26.1,6.08,4.65,-3.2,4.37,29.8,23.0,2.95,4.16,2.92,-62.54
Phoenix,2016,3,Spring,27.98,33.3,3.85,13.66,10.0,2.1,0.0,0.0,2.97,1.49,0.83,-13.27
San Antonio,2016,3,Spring,24.48,32.2,3.92,13.14,2.2,4.78,90.4,0.0,4.24,0.49,1.46,45.81
San Diego,2016,3,Spring,20.39,24.4,1.86,13.69,8.9,1.67,19.2,0.0,2.65,0.2,0.89,-10.54
Chicago,2016,4,Spring,14.12,28.3,7.77,3.42,-5.5,4.75,71.0,29.0,4.83,-0.34,-0.42,-36.2
Houston,2016,4,Spring,26.03,30.0,2.6,15.04,5.6,4.33,299.79,0.0,3.65,-0.54,-0.39,155.21
Los Angeles,2016,4,Spring,21.53,28.9,3.47,13.49,10.6,1.28,7.4,0.0,3.66,0.55,0.37,-3.06
New York,2016,4,Spring,16.8,27.8,6.0,6.91,-3.2,4.78,41.1,0.0,2.66,0.43,-0.35,-57.35
Phoenix,2016,4,Spring,29.64,36.1,3.56,16.45,11.1,2.24,12.9,0.0,3.33,-1.69,-0.45,10.79
San Antonio,2016,4,Spring,26.9,32.2,2.64,15.02,5.6,4.44,157.1,0.0,4.0,-0.34,-0.23,70.49
San Diego,2016,4,Spring,22.2,30.6,3.52,14.98,13.3,1.14,14.0,0.0,2.76,0.87,0.52,1.07
Chicago,2016,5,Spring,21.14,30.6,6.25,9.68,1.7,5.19,138.0,0.0,4.35,-0.25,-0.86,-0.61
Houston,2016,5,Spring,28.37,31.7,2.66,18.81,12.2,2.95,183.0,0.0,3.57,-1.79,-1.13,13.96
Los Angeles,2016,5,Spring,19.89,21.7,1.15,14.3,11.7,1.08,15.0,0.0,3.64,-1.11,-0.21,8.76
New York,2016,5,Spring,21.45,33.3,6.57,12.76,6.1,4.84,95.4,0.0,1.92,-0.73,-0.1,-19.55
Phoenix,2016,5,Spring,33.31,38.9,3.77,19.91,14.4,2.48,1.3,0.0,3.31,-1.74,-1.09,0.83
San Antonio,2016,5,Spring,28.75,33.9,3.14,19.15,11.7,3.46,232.3,0.0,4.32,-2.04,-0.4,93.22
San Diego,2016,5,Spring,20.45,22.2,1.15,16.22,14.4,0.8,11.2,0.0,2.92,-0.62,0.36,-1.62
Chicago,2016,6,Summer,27.72,33.9,3.95,16.25,10.6,3.15,72.4,0.0,3.88,0.54,0.04,-59.68
Houston,2016,6,Summer,32.71,36.1,3.13,23.0,19.4,1.9,299.79,0.0,2.45,-0.83,-0.52,155.21
Los Angeles,2016,6,Summer,22.88,35.0,3.47,16.28,13.3,1.79,0.0,0.0,3.52,0.38,-0.19,-0.06
New York,2016,6,Summer,27.18,31.1,3.31,17.53,11.1,2.53,66.0,0.0,1.91,0.44,-0.52,-41.68
Phoenix,2016,6,Summer,41.9,46.14,3.1,27.85,23.3,2.85,0.3,0.0,3.25,0.47,0.83,-1.12
San Antonio,2016,6,Summer,32.85,35.6,1.9,22.74,17.8,2.52,60.8,0.0,3.9,-1.04,-0.56,-7.19
San Diego,2016,6,Summer,23.09,31.1,2.83,17.87,16.1,1.22,0.0,0.0,2.73,0.71,0.55,-0.56
Chicago,2016,7,Summer,29.12,33.9,3.13,19.16,12.2,2.9,158.5,0.0,3.54,0.28,0.18,63.18
Houston,2016,7,Summer,36.06,37.2,1.15,26.11,24.4,1.35,13.2,0.0,3.51,1.14,1.54,-37.98
Los Angeles,2016,7,Summer,25.23,30.0,2.05,18.82,17.2,1.17,0.0,0.0,3.7,0.86,0.49,-1.76
New York,2016,7,Summer,30.14,35.6,3.35,21.73,17.2,2.49,178.3,0.0,1.76,0.4,0.02,28.27
Phoenix,2016,7,Summer,41.94,44.4,1.93,28.99,24.4,2.11,22.6,0.0,3.6,0.64,0.26,4.14
San Antonio,2016,7,Summer,36.21,37.8,1.53,24.85,22.8,1.08,8.5,0.0,5.03,0.31,0.38,-28.79
San Diego,2016,7,Summer,24.34,29.4,2.14,18.87,17.2,0.88,0.0,0.0,2.83,-0.4,-0.73,-4.49
Chicago,2016,8,Summer,29.05,33.3,2.23,19.63,13.3,2.42,108.2,0.0,3.22,0.59,1.25,39.51
Los Angeles,2016,8,Summer,24.49,26.7,1.15,18.34,16.1,1.1,0.0,0.0,3.73,-0.52,-0.41,-0.13
New York,2016,8,Summer,30.33,35.6,2.43,22.1,16.1,2.37,50.2,0.0,1.68,1.36,1.04,-57.51
Phoenix,2016,8,Summer,39.38,43.9,2.48,27.15,23.3,2.06,32.2,0.0,3.28,-1.27,-1.33,5.87
San Antonio,2016,8,Summer,33.44,38.9,3.41,24.24,21.7,1.35,124.8,0.0,3.76,-2.72,-0.28,77.06
San Diego,2016,8,Summer,25.4,28.9,1.45,19.94,16.7,1.05,0.0,0.0,2.98,-0.54,-0.43,-0.87
Chicago,2016,9,Fall,25.37,32.8,4.2,16.35,10.0,3.38,44.9,0.0,4.11,0.1,1.01,-29.78
Los Angeles,2016,9,Fall,25.41,38.3,4.4,18.01,14.4,1.91,0.3,0.0,3.48,-0.51,-0.66,-5.34
New York,2016,9,Fall,26.13,32.8,4.35,18.09,12.2,3.22,71.0,0.0,2.18,0.81,0.74,-32.0
Phoenix,2016,9,Fall,36.4,41.1,3.3,24.26,16.7,3.0,8.1,0.0,3.2,-1.65,-1.51,-15.96
San Antonio,2016,9,Fall,32.87,36.1,2.67,22.47,15.0,2.62,160.1,0.0,3.25,-0.2,0.64,46.04
San Diego,2016,9,Fall,25.59,38.3,4.06,18.89,16.1,1.99,8.2,0.0,2.76,-0.75,-0.94,0.81
Chicago,2016,10,Fall,18.8,27.8,4.64,8.82,2.2,5.09,95.9,0.0,4.07,1.37,0.92,-17.43
Los Angeles,2016,10,Fall,24.19,36.1,3.98,16.1,13.9,1.14,9.2,0.0,3.18,-0.86,-0.25,5.18
New York,2016,10,Fall,18.76,29.4,4.76,10.97,3.3,4.39,105.4,0.0,2.08,-0.11,-0.67,-0.07
Phoenix,2016,10,Fall,34.08,37.8,2.23,20.32,15.0,2.13,5.1,0.0,2.46,2.01,1.7,-14.5
San Antonio,2016,10,Fall,29.45,32.2,2.03,17.62,7.8,4.54,4.1,0.0,2.96,0.57,0.82,-73.42
San Diego,2016,10,Fall,25.28,32.8,3.05,17.58,16.1,0.93,1.8,0.0,2.3,0.24,0.7,-4.67
Chicago,2016,11,Fall,12.93,23.9,6.18,3.54,-5.5,4.78,43.0,0.0,4.1,3.04,2.5,-5.27
Los Angeles,2016,11,Fall,23.61,34.4,4.9,12.85,8.3,2.73,28.3,0.0,2.76,1.3,0.43,12.22
New York,2016,11,Fall,13.66,22.2,4.48,6.07,1.1,3.21,137.5,0.0,2.33,0.99,0.68,45.58
Phoenix,2016,11,Fall,25.52,32.2,4.63,13.63,5.0,3.83,17.3,0.0,2.62,-0.27,0.96,3.02
San Antonio,2016,11,Fall,24.68,30.6,3.57,13.57,1.1,5.27,45.4,0.0,3.32,2.47,2.56,-10.87
San Diego,2016,11,Fall,23.72,35.6,4.51,13.87,8.3,2.63,15.4,0.0,1.98,1.22,1.01,-7.18
Chicago,2016,12,Winter,-0.12,12.2,5.41,-7.19,-21.04,6.83,44.9,451.0,5.07,-3.73,-2.94,-11.45
Los Angeles,2016,12,Winter,18.77,26.7,3.09,10.26,5.0,2.43,70.8,0.0,3.13,-0.48,0.45,-0.66
New York,2016,12,Winter,6.6,15.6,4.19,0.48,-8.2,3.66,73.4,81.0,2.72,-1.17,-1.27,-36.86
Phoenix,2016,12,Winter,20.19,25.0,2.99,8.57,3.3,3.09,24.2,0.0,2.21,0.44,0.5,3.38
San Antonio,2016,12,Winter,17.68,28.3,6.28,8.78,-3.8,5.99,158.1,0.0,3.59,-1.33,1.18,107.07
San Diego,2016,12,Winter,19.05,28.3,3.06,10.85,5.0,2.79,107.2,0.0,2.39,-0.38,0.8,51.45
Chicago,2017,1,Winter,1.47,15.0,5.99,-4.94,-17.7,6.4,73.2,16.0,4.5,1.82,3.09,20.59
Houston,2017,1,Winter,20.77,27.2,6.14,10.25,-6.0,7.0,154.8,0.0,3.95,3.0,3.93,56.95
Los Angeles,2017,1,Winter,17.07,24.4,3.36,9.32,4.4,2.35,189.0,0.0,3.22,-2.51,-0.66,132.52
New York,2017,1,Winter,5.98,18.9,5.43,0.75,-9.9,4.47,122.6,200.0,3.02,1.76,3.29,35.44
Philadelphia,2017,1,Winter,6.86,19.4,5.44,0.37,-11.0,4.94,74.0,144.0,4.35,1.58,3.22,-6.92
Phoenix,2017,1,Winter,17.81,24.4,3.17,7.83,1.7,2.74,28.0,0.0,2.4,-2.4,0.35,11.73
San Antonio,2017,1,Winter,20.87,28.3,6.2,7.47,-7.1,6.14,69.1,0.0,3.86,2.98,2.36,28.55
San Diego,2017,1,Winter,18.0,25.0,2.75,10.75,6.7,2.13,76.6,0.0,2.34,-1.62,0.6,38.74
Chicago,2017,2,Winter,8.72,21.1,7.98,-1.96,-12.1,5.97,38.5,0.0,4.82,4.38,3.93,-16.29
Houston,2017,2,Winter,24.86,30.6,4.18,13.41,4.4,5.17,61.5,0.0,4.16,4.38,3.93,9.3
Los Angeles,2017,2,Winter,16.99,22.2,2.28,11.0,6.1,2.15,102.8,0.0,3.2,-2.52,0.73,70.97
New York,2017,2,Winter,9.28,21.1,6.02,1.45,-7.1,5.05,63.1,239.0,3.0,3.38,2.97,-34.13
Philadelphia,2017,2,Winter,11.94,23.3,6.7,1.62,-5.5,4.39,33.0,51.0,4.6,4.38,3.28,-51.81
Phoenix,2017,2,Winter,22.33,28.3,3.18,10.89,5.6,2.65,31.5,0.0,2.71,0.13,1.71,16.16
San Antonio,2017,2,Winter,24.4,31.7,5.55,11.3,2.8,4.33,91.7,0.0,3.73,4.38,3.92,59.38
San Diego,2017,2,Winter,18.48,23.3,2.34,12.16,8.3,1.84,94.2,0.0,2.9,-1.39,1.45,67.35
Chicago,2017,3,Spring,8.42,27.8,6.68,-0.06,-8.8,5.1,101.8,198.0,5.26,0.4,1.08,39.71
Houston,2017,3,Spring,25.49,30.6,3.97,14.71,6.1,4.05,143.0,0.0,4.12,1.72,2.58,70.38
Los Angeles,2017,3,Spring,20.71,26.1,2.6,11.55,7.8,1.59,2.1,0.0,3.43,0.92,-0.1,-32.84
New York,2017,3,Spring,8.22,21.1,6.44,-0.18,-9.9,5.78,133.4,246.0,3.34,-1.73,-1.91,41.06
Philadelphia,2017,3,Spring,10.36,25.0,6.94,0.89,-9.3,5.78,108.3,177.0,5.26,-0.64,-0.52,8.76
Phoenix,2017,3,Spring,28.84,35.6,4.65,14.12,7.2,3.18,1.5,0.0,3.03,2.35,1.28,-11.77
San Antonio,2017,3,Spring,24.96,30.0,3.88,14.48,7.2,3.84,53.0,0.0,4.36,0.98,2.8,8.41
San Diego,2017,3,Spring,21.17,26.7,2.69,12.98,8.9,1.83,2.1,0.0,2.37,0.98,0.18,-27.64
Chicago,2017,4,Spring,17.65,27.8,5.85,6.48,1.1,3.77,163.3,0.0,5.08,3.19,2.65,56.1
Houston,2017,4,Spring,27.91,32.8,2.37,16.24,10.0,3.52,42.8,0.0,4.27,1.34,0.81,-65.45
Los Angeles,2017,4,Spring,22.17,28.9,2.89,12.98,10.0,1.8,9.7,0.0,4.01,1.19,-0.14,-0.76
New York,2017,4,Spring,18.27,30.6,5.85,9.66,2.8,3.82,97.5,0.0,2.63,1.91,2.39,-0.95
Philadelphia,2017,4,Spring,20.6,31.1,5.47,9.91,2.8,4.04,79.9,0.0,4.2,2.51,2.56,-15.12
Phoenix,2017,4,Spring,31.46,37.2,3.13,16.61,11.1,2.59,0.0,0.0,3.43,0.13,-0.29,-2.11
San Antonio,2017,4,Spring,27.77,33.3,2.9,15.66,7.2,4.24,73.4,0.0,4.76,0.53,0.41,-13.21
San Diego,2017,4,Spring,22.36,27.8,2.37,14.59,12.2,1.32,0.3,0.0,2.82,1.04,0.12,-12.63
Chicago,2017,5,Spring,19.85,30.6,5.65,8.91,1.1,3.82,83.4,0.0,4.79,-1.54,-1.63,-55.21
Houston,2017,5,Spring,30.27,33.9,2.11,18.98,10.6,4.39,61.4,0.0,4.42,0.11,-0.95,-107.64
Los Angeles,2017,5,Spring,20.78,30.6,2.79,13.95,8.9,1.74,3.3,0.0,3.82,-0.22,-0.55,-2.94
New York,2017,5,Spring,20.09,33.3,5.4,12.22,6.7,3.75,162.1,0.0,2.28,-2.09,-0.65,47.15
Philadelphia,2017,5,Spring,21.99,33.9,5.44,12.56,6.1,3.88,160.9,0.0,4.45,-1.96,-0.83,68.29
Phoenix,2017,5,Spring,34.75,42.2,5.22,20.62,13.9,3.27,0.3,0.0,3.55,-0.31,-0.38,-0.17
San Antonio,2017,5,Spring,30.14,36.1,3.05,18.34,10.0,4.07,44.6,0.0,4.59,-0.65,-1.22,-94.48
San Diego,2017,5,Spring,21.01,29.4,2.91,15.54,11.7,1.49,23.4,0.0,3.34,-0.06,-0.32,10.58
Chicago,2017,6,Summer,28.48,35.0,3.42,16.43,10.0,3.79,87.4,0.0,4.51,1.3,0.22,-44.68
Houston,2017,6,Summer,32.44,35.6,2.04,23.26,19.4,2.04,182.8,0.0,3.7,-1.1,-0.26,15.51
Los Angeles,2017,6,Summer,22.53,27.8,1.98,16.04,13.3,0.95,0.0,0.0,3.52,0.03,-0.43,-0.06
New York,2017,6,Summer,26.26,34.4,4.65,18.15,10.6,4.23,121.1,0.0,1.86,-0.48,0.1,13.42
Philadelphia,2017,6,Summer,28.94,35.6,4.01,18.43,11.7,3.64,47.3,0.0,4.01,0.36,-0.09,-92.04
Phoenix,2017,6,Summer,41.94,46.14,3.46,27.43,20.6,3.4,0.0,0.0,3.24,0.76,0.42,-1.42
San Antonio,2017,6,Summer,34.26,38.3,2.22,22.73,20.0,1.74,10.2,0.0,4.24,0.37,-0.56,-57.79
San Diego,2017,6,Summer,22.88,28.3,2.79,16.8,14.4,1.06,0.5,0.0,2.99,0.5,-0.52,-0.06
Chicago,2017,7,Summer,28.78,33.9,2.68,18.58,13.3,2.27,195.1,0.0,3.58,-0.06,-0.39,99.78
Houston,2017,7,Summer,34.71,37.8,1.62,24.53,22.2,1.15,159.9,0.0,2.58,-0.21,-0.04,71.76
Los Angeles,2017,7,Summer,25.3,31.1,2.02,18.8,16.7,1.09,0.0,0.0,3.59,0.93,0.47,-1.76
New York,2017,7,Summer,28.74,34.4,3.29,21.01,16.7,2.32,106.4,0.0,1.71,-1.01,-0.7,-43.63
Philadelphia,2017,7,Summer,30.78,35.6,2.87,21.75,16.7,2.39,136.2,0.0,3.45,-0.43,0.01,-12.55
Phoenix,2017,7,Summer,41.19,46.14,2.98,28.8,23.3,2.68,22.8,0.0,3.55,-0.53,-0.95,4.34
San Antonio,2017,7,Summer,37.05,40.6,1.39,24.68,22.2,0.97,4.1,0.0,4.35,1.15,0.21,-33.19
San Diego,2017,7,Summer,25.23,27.8,1.39,20.32,17.8,1.08,0.0,0.0,2.76,0.49,0.71,-4.49
Chicago,2017,8,Summer,27.09,32.2,2.75,16.79,11.1,2.48,63.9,0.0,3.48,-1.37,-1.59,-4.79
Houston,2017,8,Summer,32.94,37.2,4.07,24.46,21.7,1.52,299.79,0.0,3.74,-2.11,0.1,155.21
Los Angeles,2017,8,Summer,25.15,33.9,2.5,19.31,17.8,1.05,0.0,0.0,3.6,0.15,0.56,-0.13
New York,2017,8,Summer,27.19,33.3,2.91,19.53,15.6,2.06,84.9,0.0,1.54,-1.78,-1.53,-22.81
Philadelphia,2017,8,Summer,28.46,33.3,3.19,19.63,15.6,2.08,153.6,0.0,3.15,-0.95,-0.71,45.87
Phoenix,2017,8,Summer,40.78,43.9,1.94,28.1,22.8,2.49,36.4,0.0,2.98,0.14,-0.38,10.07
San Antonio,2017,8,Summer,34.36,37.8,3.0,24.08,18.3,1.84,149.1,0.0,4.44,-1.79,-0.43,101.36
San Diego,2017,8,Summer,25.4,29.4,1.99,20.25,18.9,0.89,0.0,0.0,2.76,-0.54,-0.12,-0.87
Chicago,2017,9,Fall,26.51,35.0,5.22,15.05,9.4,4.0,8.2,0.0,3.6,1.24,-0.3,-66.48
Houston,2017,9,Fall,32.18,33.9,1.68,20.95,15.6,2.53,31.3,0.0,2.54,-0.15,-1.1,-114.51
Los Angeles,2017,9,Fall,25.81,36.1,3.62,18.11,13.3,2.51,2.0,0.0,3.56,-0.11,-0.57,-3.64
New York,2017,9,Fall,25.43,32.8,3.78,17.38,12.2,3.42,50.9,0.0,1.89,0.11,0.02,-52.1
Philadelphia,2017,9,Fall,26.47,33.3,4.18,17.35,11.7,3.27,98.1,0.0,3.63,-0.35,0.38,9.75
Phoenix,2017,9,Fall,37.39,43.3,3.88,24.66,16.7,4.53,0.0,0.0,3.02,-0.66,-1.11,-24.06
San Antonio,2017,9,Fall,31.78,36.1,3.16,20.86,13.9,3.37,71.1,0.0,3.47,-1.29,-0.97,-42.96
San Diego,2017,9,Fall,25.89,34.4,2.94,19.45,15.6,1.75,2.1,0.0,2.96,-0.45,-0.38,-5.29
Chicago,2017,10,Fall,18.59,28.3,6.81,9.84,0.6,5.16,221.0,0.0,4.8,1.15,1.93,107.68
Houston,2017,10,Fall,28.55,34.4,4.19,15.92,1.7,6.01,86.8,0.0,2.97,0.22,-0.44,-41.54
Los Angeles,2017,10,Fall,26.88,40.0,5.59,16.97,14.4,1.58,0.0,0.0,2.94,1.82,0.63,-4.02
New York,2017,10,Fall,21.79,28.3,3.97,13.91,5.6,4.42,106.3,0.0,2.0,2.91,2.26,0.83
Philadelphia,2017,10,Fall,22.47,28.9,4.19,13.17,5.6,4.96,93.1,0.0,3.72,1.63,1.35,3.72
Phoenix,2017,10,Fall,34.35,37.2,2.39,19.52,16.1,2.0,0.0,0.0,2.39,2.28,0.91,-19.6
San Antonio,2017,10,Fall,27.75,32.8,3.93,14.95,2.2,6.39,11.7,0.0,3.28,-1.13,-1.85,-65.82
San Diego,2017,10,Fall,25.91,36.7,4.72,17.55,15.0,1.53,0.0,0.0,2.45,0.87,0.66,-6.47
Chicago,2017,11,Fall,8.3,17.2,4.13,0.3,-7.7,3.45,44.4,3.0,4.56,-1.59,-0.74,-3.88
Houston,2017,11,Fall,25.49,31.7,4.13,13.6,3.3,6.1,12.8,0.0,3.01,3.44,3.02,-63.64
Los Angeles,2017,11,Fall,23.16,34.4,3.68,14.05,10.0,1.82,2.6,0.0,2.88,0.85,1.64,-13.48
New York,2017,11,Fall,12.29,23.3,4.4,3.98,-4.3,3.91,40.2,0.0,2.33,-0.39,-1.41,-51.72
Philadelphia,2017,11,Fall,13.58,23.9,4.79,3.64,-4.9,3.93,33.3,0.0,4.03,0.57,0.11,-15.93
Phoenix,2017,11,Fall,28.26,31.7,2.13,15.28,11.1,2.15,0.0,0.0,1.93,2.47,2.61,-14.28
San Antonio,2017,11,Fall,25.21,32.8,4.57,13.15,2.2,6.09,13.6,0.0,3.25,3.0,2.14,-42.67
San Diego,2017,11,Fall,22.5,33.3,3.43,14.24,10.0,1.8,0.5,0.0,1.75,-0.0,1.38,-22.08
Chicago,2017,12,Winter,1.26,18.3,7.98,-6.51,-19.9,7.1,15.2,135.0,4.73,-2.03,-2.26,-41.15
Houston,2017,12,Winter,17.42,27.2,6.46,6.67,-1.6,5.15,94.5,18.0,3.26,-2.04,-1.87,-5.41
Los Angeles,2017,12,Winter,22.47,30.0,3.93,10.16,5.0,1.86,0.3,0.0,2.23,3.22,0.34,-71.16
New York,2017,12,Winter,4.47,16.1,6.43,-1.04,-12.7,5.79,56.2,195.0,2.73,-3.29,-2.79,-54.06
Philadelphia,2017,12,Winter,5.91,17.2,6.44,-1.33,-12.7,5.06,33.3,219.0,4.02,-3.33,-3.05,-58.9
Phoenix,2017,12,Winter,21.65,28.9,3.66,8.47,2.2,3.31,5.9,0.0,2.34,1.89,0.41,-14.92
San Antonio,2017,12,Winter,17.09,28.3,6.23,6.12,-2.1,5.21,102.7,48.0,3.11,-1.92,-1.48,51.67
San Diego,2017,12,Winter,21.58,26.7,2.97,9.77,5.0,1.95,1.8,0.0,1.55,2.15,-0.27,-53.95
Chicago,2018,1,Winter,-0.02,15.0,7.98,-8.01,-21.04,7.2,39.3,117.0,5.25,0.33,0.02,-13.31
Houston,2018,1,Winter,15.4,23.9,6.15,3.13,-7.1,5.98,77.7,3.0,3.69,-2.37,-2.99,-20.15
Los Angeles,2018,1,Winter,21.75,31.7,4.15,11.43,6.7,2.24,35.5,0.0,2.55,2.17,1.45,-20.98
New York,2018,1,Winter,3.72,16.1,7.34,-3.97,-14.9,6.46,55.4,285.0,3.09,-0.49,-1.44,-31.76
Philadelphia,2018,1,Winter,5.24,17.8,7.98,-4.3,-15.5,6.77,72.6,117.0,4.51,-0.04,-1.45,-8.32
Phoenix,2018,1,Winter,23.27,28.3,3.41,9.14,4.4,2.33,5.4,0.0,2.33,3.07,1.66,-10.87
San Antonio,2018,1,Winter,15.97,23.3,6.5,3.27,-6.0,5.13,7.1,0.0,3.27,-1.92,-1.84,-33.45
San Diego,2018,1,Winter,21.01,28.3,3.31,11.71,8.3,2.06,45.3,0.0,2.01,1.38,1.56,7.44
Chicago,2018,2,Winter,3.37,18.9,7.98,-6.79,-19.3,7.2,117.9,515.0,4.68,2.26,0.97,63.11
Houston,2018,2,Winter,21.53,28.3,6.07,12.35,2.2,5.85,145.5,0.0,4.06,1.82,3.83,93.3
Los Angeles,2018,2,Winter,19.65,27.2,3.76,9.73,4.4,2.5,2.5,0.0,3.21,0.14,-0.55,-29.33
New York,2018,2,Winter,9.79,25.6,6.24,1.41,-8.8,4.99,148.0,125.0,2.5,3.88,2.93,50.77
Philadelphia,2018,2,Winter,10.07,25.0,6.22,0.95,-8.2,4.68,153.0,35.0,3.89,3.05,2.61,68.19
Phoenix,2018,2,Winter,21.72,28.9,4.51,9.12,3.9,3.13,13.2,0.0,2.49,-0.48,-0.06,-2.14
San Antonio,2018,2,Winter,19.68,28.9,6.38,9.69,-1.0,5.77,48.8,0.0,3.77,-0.02,2.3,16.48
San Diego,2018,2,Winter,19.62,27.2,3.8,10.84,6.7,2.13,9.1,0.0,2.56,-0.24,0.13,-17.75
Chicago,2018,3,Spring,7.06,14.4,3.56,-1.53,-7.1,2.68,44.3,66.0,4.71,-0.96,-0.39,-17.79
Houston,2018,3,Spring,25.4,29.4,3.06,14.1,6.7,5.06,75.5,0.0,4.03,1.63,1.98,2.88
Los Angeles,2018,3,Spring,18.46,26.1,2.82,11.15,6.7,2.04,52.6,0.0,3.56,-1.33,-0.51,17.66
New York,2018,3,Spring,7.97,16.7,3.44,1.11,-2.7,2.58,131.4,294.0,3.27,-1.98,-0.63,39.06
Philadelphia,2018,3,Spring,8.64,23.3,4.64,0.44,-2.1,2.49,120.3,386.0,5.26,-2.37,-0.97,20.76
Phoenix,2018,3,Spring,26.0,33.3,3.44,12.72,6.7,3.19,1.0,0.0,2.77,-0.49,-0.12,-12.27
San Antonio,2018,3,Spring,25.11,31.7,3.43,13.8,7.2,4.02,102.2,0.0,4.14,1.12,2.12,57.61
San Diego,2018,3,Spring,19.56,23.3,1.97,12.4,8.3,2.03,24.2,0.0,2.71,-0.64,-0.39,-5.54
Chicago,2018,4,Spring,10.03,26.7,7.08,0.29,-6.6,4.08,69.4,82.0,4.71,-3.82,-3.54,-37.8
Houston,2018,4,Spring,25.48,30.0,3.89,13.29,6.1,3.92,48.3,0.0,4.03,-1.09,-2.14,-59.95
Los Angeles,2018,4,Spring,20.63,28.3,3.17,12.72,10.6,1.14,1.3,0.0,3.83,-0.35,-0.4,-9.16
New York,2018,4,Spring,13.95,27.8,5.68,5.45,0.0,3.84,146.7,140.0,2.79,-2.42,-1.81,48.25
Philadelphia,2018,4,Spring,15.55,28.9,5.98,4.91,-1.6,3.74,100.1,0.0,4.85,-2.54,-2.44,5.08
Phoenix,2018,4,Spring,32.56,37.8,3.72,17.92,12.2,2.86,0.0,0.0,3.39,1.22,1.02,-2.11
San Antonio,2018,4,Spring,26.14,30.6,3.36,13.81,5.0,4.15,9.2,0.0,4.41,-1.11,-1.44,-77.41
San Diego,2018,4,Spring,21.0,29.4,2.93,14.04,11.7,1.07,0.6,0.0,2.94,-0.33,-0.42,-12.33
Chicago,2018,5,Spring,24.65,36.1,6.72,13.29,6.7,4.67,208.6,0.0,3.93,3.26,2.76,69.99
Houston,2018,5,Spring,32.27,35.6,2.23,20.87,17.2,2.23,97.3,0.0,3.31,2.11,0.94,-71.74
Los Angeles,2018,5,Spring,20.19,24.4,1.58,14.17,12.2,1.19,1.6,0.0,3.8,-0.81,-0.34,-4.64
New York,2018,5,Spring,24.16,33.3,5.51,14.59,8.9,3.44,89.7,0.0,1.42,1.98,1.73,-25.25
Philadelphia,2018,5,Spring,25.31,32.8,4.57,14.37,6.1,3.28,132.3,0.0,3.67,1.36,0.98,39.69
Phoenix,2018,5,Spring,35.86,41.1,4.19,21.38,14.4,2.55,0.0,0.0,3.23,0.8,0.39,-0.47
San Antonio,2018,5,Spring,33.12,37.2,2.82,20.72,13.3,2.61,24.7,0.0,4.69,2.33,1.17,-114.38
San Diego,2018,5,Spring,19.9,26.7,2.09,15.18,12.2,1.13,3.1,0.0,3.24,-1.17,-0.68,-9.72
Chicago,2018,6,Summer,26.91,35.6,4.62,17.02,8.9,3.91,193.7,0.0,4.07,-0.28,0.81,61.62
Houston,2018,6,Summer,34.28,36.7,2.15,24.5,22.2,1.35,168.8,0.0,3.55,0.75,0.98,1.51
Los Angeles,2018,6,Summer,22.48,24.4,1.15,16.47,13.9,1.14,0.0,0.0,3.62,-0.02,0.0,-0.06
New York,2018,6,Summer,26.47,33.9,4.1,17.59,10.6,3.24,79.1,0.0,1.46,-0.27,-0.46,-28.58
Philadelphia,2018,6,Summer,27.54,35.0,3.93,17.7,11.1,3.59,85.1,0.0,3.69,-1.05,-0.82,-54.24
Phoenix,2018,6,Summer,40.78,43.9,3.2,26.28,22.8,2.22,0.0,0.0,3.21,-0.65,-0.74,-1.42
San Antonio,2018,6,Summer,35.99,38.3,2.42,24.4,22.8,0.84,18.0,0.0,5.26,2.09,1.11,-49.99
San Diego,2018,6,Summer,22.04,25.6,1.66,17.35,15.6,0.75,0.0,0.0,3.01,-0.34,0.03,-0.56
Chicago,2018,7,Summer,30.74,35.0,3.0,20.36,15.0,2.64,16.3,0.0,3.45,1.9,1.39,-42.12
Houston,2018,7,Summer,35.15,38.3,2.69,24.62,22.2,1.43,153.4,0.0,2.51,0.22,0.05,65.26
Los Angeles,2018,7,Summer,26.75,33.9,3.01,20.48,17.8,1.38,0.0,0.0,3.76,2.38,2.15,-1.76
New York,2018,7,Summer,29.37,35.6,2.77,21.33,16.7,2.53,189.2,0.0,1.32,-0.37,-0.38,39.17
Philadelphia,2018,7,Summer,32.15,36.7,2.88,21.04,15.6,2.65,18.1,0.0,3.43,0.93,-0.71,-73.07
Phoenix,2018,7,Summer,41.94,46.14,2.61,28.99,23.3,3.03,17.9,0.0,3.66,0.25,-0.01,-0.56
San Antonio,2018,7,Summer,36.1,40.6,2.56,24.06,21.7,1.32,123.7,0.0,3.79,0.2,-0.41,86.41
San Diego,2018,7,Summer,26.97,35.6,2.63,20.97,17.2,1.5,0.0,0.0,2.84,2.24,1.37,-4.49
Houston,2018,8,Summer,34.99,37.8,1.4,24.24,21.7,1.21,21.8,0.0,2.71,-0.05,-0.12,-114.51
Los Angeles,2018,8,Summer,27.0,34.4,2.18,20.51,17.8,1.21,0.0,0.0,3.56,1.99,1.76,-0.13
New York,2018,8,Summer,29.03,34.4,3.07,22.22,18.3,2.23,218.4,0.0,1.33,0.06,1.16,110.69
Phoenix,2018,8,Summer,40.53,45.6,2.42,28.39,22.2,2.95,38.2,0.0,3.31,-0.11,-0.09,11.87
San Antonio,2018,8,Summer,36.44,38.3,1.93,24.22,20.6,1.36,15.8,0.0,4.24,0.29,-0.3,-31.94
San Diego,2018,8,Summer,28.49,32.8,1.88,22.76,21.1,1.15,0.5,0.0,2.63,2.55,2.39,-0.37
Houston,2018,9,Fall,30.77,35.6,3.03,23.31,20.6,1.21,218.5,0.0,2.65,-1.57,1.26,65.04
Los Angeles,2018,9,Fall,23.89,26.1,1.53,19.29,18.3,1.08,0.0,0.0,3.67,-2.04,0.61,-1.32
New York,2018,9,Fall,24.57,33.9,4.44,18.45,12.2,3.68,157.1,0.0,1.45,-0.75,1.09,54.1
Phoenix,2018,9,Fall,39.73,42.8,2.22,26.78,22.8,2.13,10.9,0.0,2.78,1.68,1.01,-13.16
San Antonio,2018,9,Fall,30.41,37.2,3.17,22.17,17.8,2.02,299.79,0.0,3.16,-2.66,0.34,155.21
San Diego,2018,9,Fall,24.83,29.4,1.73,19.5,17.2,1.04,0.0,0.0,2.76,-1.52,-0.33,-7.39
Houston,2018,10,Fall,26.95,32.8,5.21,17.77,10.6,4.33,178.4,0.0,3.45,-1.37,1.41,50.06
New York,2018,10,Fall,17.49,26.7,5.74,11.04,3.3,5.78,91.2,0.0,1.32,-1.38,-0.6,-14.27
Phoenix,2018,10,Fall,28.36,33.9,3.15,18.05,13.9,2.53,135.8,0.0,3.13,-3.71,-0.56,116.2
San Antonio,2018,10,Fall,25.21,31.7,5.8,16.76,7.2,5.49,164.6,0.0,3.83,-3.67,-0.04,87.08
San Diego,2018,10,Fall,24.12,30.6,2.67,17.19,13.9,1.89,14.5,0.0,2.32,-0.92,0.3,8.03
Houston,2018,11,Fall,20.11,31.7,6.34,9.53,-1.0,6.33,44.9,0.0,3.27,-1.94,-1.05,-31.54
New York,2018,11,Fall,9.85,22.2,5.33,3.92,-9.3,5.67,193.7,163.0,1.32,-2.82,-1.46,101.78
Phoenix,2018,11,Fall,24.12,28.9,3.06,11.21,6.7,2.38,8.9,0.0,2.27,-1.66,-1.46,-5.38
San Antonio,2018,11,Fall,19.15,28.3,5.27,8.24,-4.9,5.84,45.3,0.0,3.3,-3.06,-2.77,-10.97
San Diego,2018,11,Fall,23.29,31.1,2.71,14.02,10.0,2.08,20.6,0.0,2.01,0.79,1.16,-1.98
Houston,2018,12,Winter,18.2,26.7,4.61,7.99,1.1,3.3,193.6,0.0,3.53,-1.26,-0.56,93.69
New York,2018,12,Winter,7.47,16.1,3.94,1.58,-4.3,3.34,165.4,0.0,1.32,-0.29,-0.17,55.14
Phoenix,2018,12,Winter,19.16,23.9,3.22,7.23,1.1,2.65,4.9,0.0,1.95,-0.59,-0.84,-15.92
San Antonio,2018,12,Winter,17.88,26.1,4.7,6.28,0.6,3.73,59.7,0.0,3.66,-1.13,-1.32,8.67
San Diego,2018,12,Winter,19.5,25.6,2.04,11.08,5.0,2.21,76.7,0.0,2.05,0.07,1.03,20.95
Chicago,2019,1,Winter,-0.12,11.7,7.98,-8.08,-21.04,7.2,50.0,464.0,4.64,-2.12,-1.57,-2.61
Houston,2019,1,Winter,17.83,26.1,4.04,5.94,-1.0,4.25,103.7,0.0,3.42,0.06,-0.18,5.85
Los Angeles,2019,1,Winter,18.3,25.6,3.19,10.02,3.9,2.31,140.1,0.0,2.94,-1.29,0.04,83.62
New York,2019,1,Winter,3.91,15.0,5.45,-3.27,-16.6,5.44,91.0,28.0,1.32,-0.3,-0.73,3.84
Philadelphia,2019,1,Winter,4.75,16.1,5.35,-3.17,-14.9,4.95,100.0,67.0,4.59,-0.53,-0.32,19.08
Phoenix,2019,1,Winter,19.45,23.3,3.43,7.23,-1.0,3.25,18.9,0.0,1.92,-0.76,-0.25,2.63
San Antonio,2019,1,Winter,16.85,25.6,4.45,5.55,-1.6,4.04,41.5,0.0,3.31,-1.04,0.43,0.95
San Diego,2019,1,Winter,19.08,25.6,2.69,10.61,5.0,2.49,71.1,0.0,2.09,-0.54,0.46,33.24
Chicago,2019,2,Winter,1.16,11.7,5.72,-7.82,-17.1,5.55,71.5,230.0,4.75,0.05,-0.06,16.71
Houston,2019,2,Winter,19.82,27.8,5.41,10.94,2.8,5.13,44.4,0.0,4.01,0.11,2.43,-7.8
Los Angeles,2019,2,Winter,15.71,20.0,1.66,8.27,5.0,2.33,112.3,0.0,4.03,-3.8,-2.01,80.47
New York,2019,2,Winter,5.92,18.3,5.51,-1.17,-11.6,4.17,79.8,66.0,1.32,0.02,0.35,-17.43
Philadelphia,2019,2,Winter,6.89,19.4,5.75,-1.2,-11.6,4.03,83.1,168.0,4.24,-0.14,0.45,-1.71
Phoenix,2019,2,Winter,17.55,25.0,4.12,7.01,1.1,4.09,45.6,0.0,2.75,-3.82,-2.17,30.26
San Antonio,2019,2,Winter,18.86,30.0,5.85,9.51,0.0,5.38,12.2,0.0,3.41,-0.84,2.12,-20.12
San Diego,2019,2,Winter,16.95,21.7,1.9,9.39,5.0,2.45,87.1,0.0,2.95,-2.92,-1.32,60.25
Chicago,2019,3,Spring,5.95,18.3,6.54,-3.31,-19.3,5.88,53.2,8.0,4.83,-2.07,-2.17,-8.89
Houston,2019,3,Spring,22.27,30.6,5.71,11.08,-1.0,5.5,12.9,0.0,3.91,-1.5,-1.05,-59.72
Los Angeles,2019,3,Spring,19.26,27.2,3.36,11.29,8.3,1.63,53.3,0.0,3.77,-0.52,-0.37,18.36
New York,2019,3,Spring,9.29,23.9,6.05,1.55,-7.7,4.43,98.4,265.0,2.38,-0.67,-0.18,6.06
Philadelphia,2019,3,Spring,10.67,25.0,6.34,1.34,-7.1,4.56,98.0,101.0,4.72,-0.34,-0.07,-1.54
Phoenix,2019,3,Spring,24.91,30.6,4.03,12.44,6.7,2.42,7.6,0.0,2.93,-1.58,-0.4,-5.67
San Antonio,2019,3,Spring,21.24,30.6,6.39,10.59,-2.1,5.65,11.9,0.0,4.17,-2.75,-1.08,-32.69
San Diego,2019,3,Spring,19.29,27.8,2.62,12.4,10.0,1.4,31.3,0.0,2.63,-0.91,-0.39,1.56
Chicago,2019,4,Spring,15.03,26.7,6.11,4.64,-3.2,3.93,152.9,201.0,5.19,0.57,0.81,45.7
Houston,2019,4,Spring,26.74,32.8,3.76,15.11,2.8,5.2,85.4,0.0,4.3,0.17,-0.31,-22.85
Los Angeles,2019,4,Spring,20.58,27.2,2.66,13.48,11.1,1.25,1.3,0.0,3.77,-0.39,0.36,-9.16
New York,2019,4,Spring,17.4,26.7,4.94,8.67,0.6,3.73,115.9,0.0,1.97,1.04,1.41,17.45
Philadelphia,2019,4,Spring,20.41,27.8,4.54,9.6,0.0,4.48,76.8,0.0,4.61,2.32,2.25,-18.22
Phoenix,2019,4,Spring,31.03,37.8,4.11,17.04,12.8,2.49,2.3,0.0,3.46,-0.3,0.14,0.19
San Antonio,2019,4,Spring,26.52,33.3,3.7,14.16,2.8,4.58,88.2,0.0,4.65,-0.72,-1.09,1.59
San Diego,2019,4,Spring,20.99,27.2,2.25,14.85,12.8,0.96,4.1,0.0,2.82,-0.34,0.39,-8.83
Chicago,2019,5,Spring,19.75,27.8,5.73,9.14,3.3,4.18,209.7,0.0,4.26,-1.64,-1.39,71.09
Houston,2019,5,Spring,30.25,33.9,2.53,21.48,15.0,3.09,181.9,0.0,4.57,0.09,1.55,12.86
Los Angeles,2019,5,Spring,19.61,22.8,1.24,13.83,10.0,1.51,18.6,0.0,3.98,-1.39,-0.68,12.36
New York,2019,5,Spring,21.08,30.0,5.03,12.45,5.6,3.36,173.2,0.0,1.76,-1.11,-0.42,58.25
Philadelphia,2019,5,Spring,23.95,32.2,5.48,14.28,7.8,3.85,132.7,0.0,3.91,0.0,0.9,40.09
Phoenix,2019,5,Spring,31.02,37.8,3.71,18.14,12.2,2.5,2.6,0.0,3.49,-3.82,-2.86,2.13
San Antonio,2019,5,Spring,29.71,33.9,3.42,20.34,13.9,3.6,84.0,0.0,5.06,-1.08,0.78,-55.08
San Diego,2019,5,Spring,20.07,22.2,1.15,15.25,12.8,1.14,20.3,0.0,3.2,-1.0,-0.62,7.48
Chicago,2019,6,Summer,25.19,32.8,4.32,14.54,9.4,3.54,77.8,0.0,3.97,-2.0,-1.67,-54.28
Houston,2019,6,Summer,33.24,36.1,2.24,23.08,19.4,2.23,174.7,0.0,3.3,-0.3,-0.44,7.41
Los Angeles,2019,6,Summer,21.78,26.7,1.77,16.51,15.0,0.77,0.0,0.0,3.56,-0.71,0.04,-0.06
New York,2019,6,Summer,26.09,32.8,3.5,17.96,12.2,2.85,138.5,0.0,1.86,-0.65,-0.09,30.82
Philadelphia,2019,6,Summer,28.24,34.4,3.19,18.33,11.7,3.18,201.8,0.0,4.06,-0.34,-0.19,62.46
Phoenix,2019,6,Summer,40.03,44.4,2.27,25.61,22.2,2.12,0.0,0.0,3.48,-1.4,-1.41,-1.42
San Antonio,2019,6,Summer,32.91,36.1,2.41,22.27,18.3,2.21,139.9,0.0,4.04,-0.99,-1.02,71.91
San Diego,2019,6,Summer,21.24,26.1,1.84,16.91,16.1,0.75,0.3,0.0,2.7,-1.14,-0.41,-0.26
Chicago,2019,7,Summer,30.04,35.0,3.23,20.09,15.0,3.04,100.0,0.0,4.01,1.2,1.11,4.68
Houston,2019,7,Summer,34.48,36.1,1.41,24.25,18.9,1.83,70.9,0.0,3.15,-0.44,-0.32,-17.24
Los Angeles,2019,7,Summer,23.87,30.6,1.91,17.69,16.7,1.04,1.3,0.0,3.53,-0.5,-0.64,-0.46
New York,2019,7,Summer,30.61,35.0,2.54,22.24,18.3,2.08,146.7,0.0,1.55,0.86,0.54,-3.33
Philadelphia,2019,7,Summer,32.15,36.7,2.58,22.2,17.8,2.15,153.3,0.0,3.26,0.94,0.45,4.55
Phoenix,2019,7,Summer,41.94,46.1,2.05,28.99,24.4,3.05,4.3,0.0,3.67,0.63,-0.23,-14.16
San Antonio,2019,7,Summer,34.74,37.2,1.59,24.15,21.7,1.21,3.6,0.0,4.52,-1.16,-0.32,-19.26
San Diego,2019,7,Summer,23.72,28.9,2.04,18.57,16.7,1.22,0.0,0.0,2.75,-1.01,-1.03,-4.49
Chicago,2019,8,Summer,27.5,32.2,2.74,17.93,13.9,2.15,92.3,0.0,3.35,-0.96,-0.45,23.61
Houston,2019,8,Summer,36.38,39.4,1.47,25.44,23.3,1.19,61.6,0.0,2.63,1.34,1.08,-112.23
Los Angeles,2019,8,Summer,24.61,29.4,2.23,18.12,15.6,1.83,0.0,0.0,3.36,-0.4,-0.63,-0.13
New York,2019,8,Summer,29.75,30.6,1.2,21.1,21.1,2.08,0.0,0.0,1.32,0.78,0.04,-6.95
Philadelphia,2019,8,Summer,30.09,33.9,2.76,20.83,16.1,2.71,70.8,0.0,3.0,0.67,0.5,-36.93
Phoenix,2019,8,Summer,41.94,46.1,2.22,28.99,24.4,1.61,6.1,0.0,3.05,1.69,1.17,-20.23
San Diego,2019,8,Summer,24.74,28.9,1.47,19.21,17.8,1.05,0.0,0.0,2.62,-1.21,-1.16,-0.87
Chicago,2019,9,Fall,24.97,32.2,3.46,16.61,11.7,2.48,193.2,0.0,3.91,-0.3,1.27,118.52
Houston,2019,9,Fall,33.93,37.8,2.99,23.68,21.7,0.8,299.79,0.0,3.1,1.59,1.64,155.21
Los Angeles,2019,9,Fall,26.79,33.9,2.66,19.24,13.9,1.8,0.0,0.0,3.31,0.87,0.56,-5.64
Philadelphia,2019,9,Fall,27.81,33.3,3.21,17.2,11.7,2.42,29.5,0.0,3.33,1.0,0.23,-58.85
Phoenix,2019,9,Fall,37.52,44.4,4.03,25.94,20.0,3.85,6.4,0.0,3.19,-0.53,0.17,-17.66
San Diego,2019,9,Fall,25.71,30.0,2.49,19.14,13.9,2.16,2.9,0.0,2.43,-0.64,-0.68,-4.49
Chicago,2019,10,Fall,14.85,30.0,6.0,6.19,-3.8,4.54,171.8,116.0,4.3,-2.59,-1.72,58.47
Houston,2019,10,Fall,27.7,33.9,5.23,16.47,4.4,5.52,147.4,0.0,3.54,-0.63,0.11,19.06
Los Angeles,2019,10,Fall,26.79,36.7,4.51,15.53,11.7,2.12,0.0,0.0,2.85,1.74,-0.82,-4.02
Philadelphia,2019,10,Fall,20.7,35.0,4.38,11.75,5.0,3.36,98.5,0.0,4.13,-0.14,-0.07,9.12
Phoenix,2019,10,Fall,31.51,36.7,3.99,17.11,6.1,3.73,0.0,0.0,2.69,-0.56,-1.5,-19.6
San Diego,2019,10,Fall,25.74,34.4,3.41,14.09,6.7,2.38,0.0,0.0,1.92,0.7,-2.79,-6.47
Chicago,2019,11,Fall,5.36,12.8,4.99,-2.22,-13.8,4.48,47.8,94.0,4.07,-3.82,-3.26,-0.47
Houston,2019,11,Fall,21.41,28.3,5.79,9.75,-1.0,6.45,28.6,0.0,3.25,-0.64,-0.83,-47.84
Los Angeles,2019,11,Fall,22.37,33.9,5.27,12.78,6.1,2.73,36.5,0.0,2.85,0.06,0.36,20.42
Philadelphia,2019,11,Fall,10.84,18.9,4.07,1.64,-4.9,2.95,29.4,0.0,4.17,-2.17,-1.9,-19.83
Phoenix,2019,11,Fall,25.43,31.7,5.35,12.83,6.1,3.38,39.5,0.0,2.32,-0.36,0.16,25.22
San Diego,2019,11,Fall,22.26,32.8,3.83,12.37,8.9,2.31,69.2,0.0,2.09,-0.25,-0.49,46.62
Chicago,2019,12,Winter,5.17,16.1,5.67,-2.9,-12.1,4.37,39.4,52.0,4.25,1.88,1.36,-16.95
Houston,2019,12,Winter,20.81,28.9,4.59,7.66,-0.5,4.64,28.8,0.0,2.99,1.35,-0.88,-71.11
Los Angeles,2019,12,Winter,19.03,25.6,2.56,10.75,6.1,2.4,112.3,0.0,2.68,-0.22,0.93,40.84
Philadelphia,2019,12,Winter,7.53,14.4,3.91,-0.03,-7.1,3.52,132.3,3.0,3.95,-1.71,-1.75,40.1
Phoenix,2019,12,Winter,18.48,23.9,3.51,8.26,1.7,3.06,17.8,0.0,2.46,-1.27,0.19,-3.02
San Diego,2019,12,Winter,19.35,23.9,1.99,10.35,5.0,3.23,102.3,0.0,1.68,-0.08,0.3,46.55
Chicago,2020,1,Winter,2.16,10.56,3.62,-4.17,-16.6,4.82,71.1,198.0,4.34,2.51,3.86,18.49
Houston,2020,1,Winter,19.57,27.2,3.94,9.16,1.1,5.59,97.6,0.0,3.57,1.8,3.04,-0.25
Los Angeles,2020,1,Winter,19.91,27.2,3.38,10.61,7.8,1.85,9.7,0.0,2.57,0.33,0.63,-46.78
New York,2020,1,Winter,7.35,20.6,4.78,0.63,-6.6,4.25,49.1,58.0,2.9,3.14,3.17,-38.06
Philadelphia,2020,1,Winter,7.98,19.4,4.64,-0.29,-7.1,3.92,67.1,5.0,4.12,2.7,2.56,-13.82
Phoenix,2020,1,Winter,20.35,24.4,2.28,7.26,3.3,2.36,4.8,0.0,1.97,0.14,-0.22,-11.47
San Antonio,2020,1,Winter,20.22,27.2,4.19,8.57,1.1,4.84,47.6,0.0,3.28,2.33,3.45,7.05
San Diego,2020,1,Winter,19.93,26.7,2.63,9.6,6.1,1.99,12.3,0.0,1.65,0.31,-0.55,-25.56
Chicago,2020,2,Winter,2.98,12.8,4.48,-4.85,-18.8,5.33,19.7,223.0,4.95,1.86,2.91,-37.05
Houston,2020,2,Winter,19.7,27.2,4.93,8.01,0.0,4.66,40.3,0.0,3.87,-0.01,-0.5,-13.76
Los Angeles,2020,2,Winter,20.98,30.6,4.16,11.29,6.7,2.45,0.0,0.0,2.94,1.47,1.02,-32.97
New York,2020,2,Winter,8.06,16.7,4.32,1.02,-9.9,4.31,64.7,0.0,2.69,2.15,2.54,-36.0
Philadelphia,2020,2,Winter,9.37,17.8,4.57,0.46,-9.9,4.11,62.3,0.0,4.01,2.35,2.12,-25.54
Phoenix,2020,2,Winter,21.61,27.8,4.09,8.33,1.7,3.23,34.0,0.0,2.63,-0.6,-0.85,18.11
San Antonio,2020,2,Winter,19.33,27.2,5.13,6.42,-1.6,4.64,27.3,0.0,3.93,-0.36,-0.96,-6.17
San Diego,2020,2,Winter,20.08,28.9,3.38,10.5,3.3,2.76,9.7,0.0,2.03,0.21,-0.21,-18.11
Chicago,2020,3,Spring,10.48,19.4,4.82,1.56,-3.8,3.02,88.6,81.0,4.7,2.46,2.7,26.51
Houston,2020,3,Spring,26.58,32.2,3.89,16.74,5.6,4.48,57.8,0.0,4.01,2.81,3.93,-14.82
Los Angeles,2020,3,Spring,19.12,26.7,2.56,11.86,8.3,1.69,104.3,0.0,3.66,-0.67,0.21,69.36
New York,2020,3,Spring,12.84,25.0,4.97,4.92,-3.8,3.15,96.1,0.0,3.1,2.89,3.19,3.76
Philadelphia,2020,3,Spring,14.28,26.1,4.82,4.52,-3.8,3.25,100.1,0.0,4.27,3.28,3.11,0.56
Phoenix,2020,3,Spring,23.63,30.0,2.96,12.37,8.3,2.17,49.3,0.0,2.92,-2.86,-0.47,36.03
San Antonio,2020,3,Spring,25.8,33.3,4.61,15.21,8.3,4.14,38.9,0.0,3.88,1.81,3.53,-5.69
San Diego,2020,3,Spring,19.37,25.0,1.73,13.04,9.4,1.79,54.8,0.0,2.63,-0.82,0.25,25.06
Chicago,2020,4,Spring,14.44,26.7,5.64,3.73,-2.7,3.35,96.8,119.0,4.46,-0.02,-0.1,-10.4
Houston,2020,4,Spring,27.14,33.3,3.74,15.96,8.3,4.03,157.6,0.0,3.84,0.57,0.53,49.35
Los Angeles,2020,4,Spring,21.08,30.0,3.91,14.03,10.6,1.99,68.1,0.0,3.44,0.11,0.9,57.64
New York,2020,4,Spring,14.27,20.0,3.6,6.1,2.2,2.67,114.2,0.0,2.96,-2.09,-1.16,15.75
Philadelphia,2020,4,Spring,15.61,23.9,4.09,6.13,1.1,3.01,95.3,0.0,5.19,-2.48,-1.22,0.28
Phoenix,2020,4,Spring,30.76,40.0,5.04,16.15,11.1,3.61,2.0,0.0,3.09,-0.58,-0.75,-0.11
San Antonio,2020,4,Spring,27.25,36.7,5.77,14.52,7.2,4.1,73.5,0.0,3.81,0.01,-0.73,-13.11
San Diego,2020,4,Spring,21.36,31.1,3.77,14.98,10.6,2.19,93.5,0.0,2.86,0.04,0.52,80.57
Chicago,2020,5,Spring,20.63,32.2,6.67,10.38,-0.5,5.85,241.7,0.0,4.28,-0.76,-0.16,103.09
Houston,2020,5,Spring,31.24,35.0,2.46,19.81,13.3,3.06,90.6,0.0,3.86,1.08,-0.12,-78.44
Los Angeles,2020,5,Spring,22.61,30.6,2.57,15.23,12.2,1.29,3.0,0.0,3.67,1.6,0.72,-3.24
New York,2020,5,Spring,20.66,28.9,4.77,10.77,1.1,4.61,42.0,0.0,2.45,-1.52,-2.09,-72.95
Philadelphia,2020,5,Spring,21.57,29.4,5.07,11.1,1.7,5.06,56.0,0.0,4.45,-2.38,-2.29,-36.61
Phoenix,2020,5,Spring,37.6,44.4,3.51,22.6,17.2,2.82,0.0,0.0,3.18,2.54,1.61,-0.47
San Antonio,2020,5,Spring,32.54,36.1,2.74,19.22,13.9,2.48,148.2,0.0,4.23,1.75,-0.33,9.12
San Diego,2020,5,Spring,23.35,29.4,1.7,17.47,14.4,1.12,0.5,0.0,2.72,2.28,1.61,-12.32
Chicago,2020,6,Summer,28.89,34.4,4.09,17.72,11.1,3.87,111.7,0.0,3.94,1.7,1.52,-20.38
Houston,2020,6,Summer,33.19,36.1,1.86,22.86,18.9,2.45,114.5,0.0,3.23,-0.35,-0.66,-52.79
Los Angeles,2020,6,Summer,23.23,33.9,3.16,16.52,14.4,1.0,0.0,0.0,3.77,0.74,0.05,-0.06
New York,2020,6,Summer,27.67,32.2,3.09,18.66,10.6,3.32,44.7,0.0,1.32,0.93,0.61,-62.98
Philadelphia,2020,6,Summer,28.9,33.3,3.1,18.85,10.6,3.28,81.6,0.0,3.75,0.32,0.33,-57.74
Phoenix,2020,6,Summer,40.53,44.4,3.05,26.15,22.2,2.23,0.0,0.0,3.39,-0.89,-0.86,-1.42
San Antonio,2020,6,Summer,33.82,36.7,1.94,22.93,17.2,2.48,21.9,0.0,4.09,-0.08,-0.37,-46.09
San Diego,2020,6,Summer,23.16,33.9,3.09,17.37,14.4,0.94,3.5,0.0,2.77,0.78,0.05,2.94
Chicago,2020,7,Summer,31.28,35.6,2.44,21.21,18.3,1.8,64.9,0.0,3.64,2.44,2.23,-30.42
Houston,2020,7,Summer,35.04,38.3,1.98,25.68,22.8,1.6,76.4,0.0,3.29,0.12,1.11,-11.74
Los Angeles,2020,7,Summer,23.14,27.2,1.86,16.51,14.4,1.02,0.0,0.0,3.69,-1.23,-1.82,-1.76
New York,2020,7,Summer,30.79,35.6,2.88,22.58,19.4,1.95,167.1,0.0,1.6,1.05,0.87,17.07
Philadelphia,2020,7,Summer,32.16,36.1,2.47,21.77,19.4,1.42,114.6,0.0,3.49,0.94,0.02,28.23
Phoenix,2020,7,Summer,41.94,46.14,2.47,28.99,24.4,2.48,2.5,0.0,3.5,1.53,1.39,-15.96
San Antonio,2020,7,Summer,37.59,41.7,1.58,25.15,22.8,1.16,4.1,0.0,4.51,1.69,0.68,-33.19
San Diego,2020,7,Summer,24.35,28.9,1.65,18.98,17.2,0.93,0.0,0.0,2.8,-0.38,-0.63,-4.49
Chicago,2020,8,Summer,30.24,36.1,3.34,19.54,13.3,2.81,20.4,0.0,3.46,1.78,1.16,-48.29
Houston,2020,8,Summer,36.16,38.9,1.66,24.46,21.7,1.57,57.6,0.0,2.68,1.12,0.1,-114.51
Los Angeles,2020,8,Summer,25.35,33.9,3.44,18.55,15.6,2.1,0.0,0.0,3.4,0.34,-0.19,-0.13
New York,2020,8,Summer,28.76,33.3,2.79,21.09,16.7,2.31,127.9,0.0,1.85,-0.21,0.04,20.19
Phoenix,2020,8,Summer,41.94,46.14,2.42,28.99,24.4,2.44,22.9,0.0,3.07,3.09,2.3,-3.43
San Antonio,2020,8,Summer,37.85,40.0,1.55,24.45,20.6,1.58,22.9,0.0,3.84,1.7,-0.07,-24.84
San Diego,2020,8,Summer,25.99,31.1,2.73,20.18,16.1,2.24,0.0,0.0,2.7,0.05,-0.19,-0.87
Chicago,2020,9,Fall,23.69,31.1,4.32,14.37,7.8,3.4,80.7,0.0,4.25,-1.58,-0.97,6.02
Houston,2020,9,Fall,32.11,37.2,4.05,22.33,12.2,3.47,216.6,0.0,3.63,-0.22,0.28,63.14
Los Angeles,2020,9,Fall,25.53,37.2,3.49,17.62,15.6,1.52,0.0,0.0,2.81,-0.39,-1.06,-5.64
New York,2020,9,Fall,24.16,29.4,3.28,16.69,8.9,3.84,100.1,0.0,1.74,-1.17,-0.66,-2.9
Phoenix,2020,9,Fall,40.04,46.1,3.13,26.1,20.6,2.84,0.0,0.0,2.64,1.99,0.33,-24.06
San Antonio,2020,9,Fall,31.67,37.8,3.57,20.47,10.6,4.04,78.5,0.0,3.94,-1.4,-1.36,-35.56
San Diego,2020,9,Fall,27.71,37.8,3.53,19.15,16.1,1.55,0.0,0.0,2.25,1.36,-0.67,-7.39
Chicago,2020,10,Fall,16.06,27.8,6.75,5.63,-1.0,4.26,92.8,0.0,4.38,-1.37,-2.28,-20.53
Houston,2020,10,Fall,28.12,34.4,4.86,16.04,5.6,5.03,17.0,0.0,3.17,-0.21,-0.32,-111.34
Los Angeles,2020,10,Fall,25.18,33.3,3.57,16.61,11.1,2.32,0.0,0.0,2.74,0.13,0.26,-4.02
New York,2020,10,Fall,17.73,23.3,3.97,11.03,0.0,3.87,128.3,0.0,1.94,-1.15,-0.61,22.83
Phoenix,2020,10,Fall,34.98,41.7,5.68,19.32,8.9,3.89,0.0,0.0,2.49,2.91,0.71,-19.6
San Antonio,2020,10,Fall,29.15,36.1,6.15,15.59,4.4,5.85,5.9,0.0,3.53,0.27,-1.21,-71.62
San Diego,2020,10,Fall,26.57,36.1,3.51,17.28,10.6,2.84,3.0,0.0,1.81,1.53,0.4,-3.47
Chicago,2020,11,Fall,13.17,24.4,6.74,3.94,-2.1,5.25,43.6,18.0,4.95,3.28,2.9,-4.68
Houston,2020,11,Fall,25.45,30.6,4.1,12.31,2.8,4.56,98.0,0.0,2.9,3.39,1.73,21.56
Los Angeles,2020,11,Fall,20.86,32.8,4.19,10.58,6.1,2.34,2.5,0.0,2.79,-1.45,-1.83,-13.58
New York,2020,11,Fall,15.46,23.9,5.49,7.82,-1.0,4.52,101.4,0.0,2.37,2.78,2.43,9.48
Phoenix,2020,11,Fall,26.95,37.2,5.82,12.78,6.7,4.51,0.0,0.0,2.13,1.16,0.11,-14.28
San Antonio,2020,11,Fall,25.21,30.0,3.78,12.28,1.1,4.75,37.3,0.0,2.91,3.0,1.27,-18.97
San Diego,2020,11,Fall,22.4,32.2,3.7,11.65,5.6,3.09,6.6,0.0,1.89,-0.1,-1.21,-15.98
Chicago,2020,12,Winter,4.05,14.4,4.59,-3.06,-13.2,3.92,64.7,71.0,4.2,0.76,1.19,8.35
Houston,2020,12,Winter,19.35,27.2,4.81,6.65,-1.0,4.25,113.5,0.0,3.19,-0.12,-1.9,13.59
Los Angeles,2020,12,Winter,20.59,27.8,3.26,8.97,5.6,1.84,42.0,0.0,2.44,1.34,-0.84,-29.46
New York,2020,12,Winter,7.27,16.7,5.21,0.78,-6.6,3.76,117.2,267.0,2.97,-0.49,-0.97,6.94
Phoenix,2020,12,Winter,19.94,26.7,3.09,6.49,3.3,2.25,11.5,0.0,2.21,0.18,-1.58,-9.32
San Antonio,2020,12,Winter,20.29,26.7,4.83,4.7,-2.1,4.25,20.7,0.0,3.45,1.28,-2.91,-30.33
San Diego,2020,12,Winter,20.58,26.7,2.96,8.25,5.0,2.2,15.3,0.0,1.41,1.15,-1.8,-40.45
Chicago,2021,1,Winter,1.1,10.56,2.11,-4.14,-13.2,3.89,49.8,517.38,4.29,1.46,3.89,-2.81
Houston,2021,1,Winter,18.57,25.6,5.01,7.2,-0.5,5.36,63.8,0.0,3.45,0.8,1.08,-34.05
Los Angeles,2021,1,Winter,19.53,30.6,5.1,8.96,5.6,2.15,48.6,0.0,2.65,-0.06,-1.02,-7.88
New York,2021,1,Winter,4.27,10.6,3.34,-1.15,-9.9,3.7,58.6,54.0,3.04,0.06,1.39,-28.56
Philadelphia,2021,1,Winter,5.54,12.2,3.33,-1.39,-7.1,2.75,39.4,76.0,4.33,0.26,1.46,-41.52
Phoenix,2021,1,Winter,19.93,26.1,3.47,7.04,2.2,3.47,17.4,0.0,2.48,-0.28,-0.44,1.13
San Antonio,2021,1,Winter,18.6,26.1,5.08,5.09,-1.6,4.61,26.0,5.0,3.24,0.71,-0.02,-14.55
San Diego,2021,1,Winter,19.95,31.1,3.92,8.96,5.6,2.39,45.8,0.0,1.97,0.33,-1.19,7.94
Chicago,2021,2,Winter,-0.12,11.1,7.63,-8.08,-21.04,7.1,31.9,517.38,4.34,-3.62,-2.7,-22.89
Houston,2021,2,Winter,16.22,27.8,7.98,5.74,-10.5,7.2,42.1,25.0,4.18,-3.49,-2.77,-10.1
Los Angeles,2021,2,Winter,19.05,27.2,2.92,9.66,6.7,1.68,0.5,0.0,3.06,-0.46,-0.62,-31.33
New York,2021,2,Winter,3.87,12.2,3.99,-1.39,-8.2,3.48,130.4,517.38,2.9,-2.04,0.13,33.17
Philadelphia,2021,2,Winter,4.26,13.3,4.38,-1.76,-6.6,2.37,118.2,363.0,4.36,-2.76,-0.11,33.39
Phoenix,2021,2,Winter,22.79,27.8,2.79,9.39,6.7,2.71,0.0,0.0,2.98,0.59,0.21,-15.34
San Antonio,2021,2,Winter,15.19,26.7,7.98,4.16,-12.7,7.2,35.1,158.0,3.92,-3.82,-3.22,2.78
San Diego,2021,2,Winter,19.8,27.8,2.89,10.18,7.2,2.11,2.6,0.0,1.94,-0.06,-0.53,-24.25
Chicago,2021,3,Spring,11.83,20.6,5.97,1.81,-5.5,4.49,31.8,46.0,5.14,3.81,2.96,-30.29
Houston,2021,3,Spring,24.43,30.0,3.12,11.56,3.9,4.91,35.4,0.0,4.24,0.66,-0.57,-37.22
Los Angeles,2021,3,Spring,18.14,28.9,3.95,9.13,5.6,1.82,33.5,0.0,3.78,-1.65,-2.53,-1.44
New York,2021,3,Spring,12.29,27.8,6.91,3.1,-6.0,5.17,86.7,0.0,3.0,2.34,1.36,-5.64
Philadelphia,2021,3,Spring,13.97,28.3,6.55,3.14,-4.3,4.79,107.0,0.0,4.48,2.97,1.73,7.46
Phoenix,2021,3,Spring,24.77,31.7,5.06,10.93,3.9,3.23,9.4,0.0,3.14,-1.72,-1.91,-3.87
San Antonio,2021,3,Spring,24.77,31.1,3.24,11.81,3.3,4.68,14.8,0.0,4.68,0.78,0.13,-29.79
San Diego,2021,3,Spring,19.2,31.1,3.53,10.72,6.7,1.74,37.7,0.0,2.69,-1.0,-2.08,7.96
Chicago,2021,4,Spring,16.28,30.6,6.72,5.85,-4.3,4.9,18.0,0.0,4.31,1.82,2.01,-89.2
Houston,2021,4,Spring,26.15,31.1,3.73,14.56,6.1,5.35,64.6,0.0,4.28,-0.42,-0.87,-43.65
Los Angeles,2021,4,Spring,19.98,30.6,3.88,12.16,8.9,1.18,0.0,0.0,3.6,-1.0,-0.96,-10.46
New York,2021,4,Spring,17.61,29.4,5.26,7.48,-2.1,3.65,68.5,0.0,2.57,1.24,0.21,-29.95
Philadelphia,2021,4,Spring,18.71,30.6,5.14,7.55,-1.6,3.99,68.4,0.0,4.67,0.62,0.2,-26.62
Phoenix,2021,4,Spring,32.22,36.7,3.24,17.41,13.9,1.85,0.3,0.0,3.42,0.88,0.51,-1.81
San Antonio,2021,4,Spring,27.38,35.0,4.82,15.5,8.3,4.07,153.7,0.0,4.41,0.14,0.25,67.09
San Diego,2021,4,Spring,21.07,31.1,3.63,14.2,10.6,1.13,1.8,0.0,2.76,-0.26,-0.26,-11.13
Chicago,2021,5,Spring,20.95,32.2,6.82,10.43,2.2,5.86,45.5,0.0,4.29,-0.44,-0.11,-93.11
Houston,2021,5,Spring,29.28,32.8,2.72,19.92,14.4,2.81,283.6,0.0,4.23,-0.88,-0.02,114.56
Los Angeles,2021,5,Spring,19.67,23.9,1.45,14.03,10.6,1.11,0.0,0.0,3.57,-1.33,-0.48,-6.24
New York,2021,5,Spring,22.08,31.7,5.63,12.23,5.6,3.84,110.8,0.0,2.31,-0.1,-0.64,-4.15
Philadelphia,2021,5,Spring,23.47,33.3,5.93,12.16,7.2,3.84,82.4,0.0,3.94,-0.48,-1.23,-10.21
Phoenix,2021,5,Spring,35.68,38.9,2.68,21.14,15.0,2.03,0.0,0.0,3.29,0.62,0.14,-0.47
San Antonio,2021,5,Spring,28.97,34.4,3.0,19.38,15.0,2.85,156.1,0.0,4.28,-1.82,-0.18,17.02
San Diego,2021,5,Spring,20.57,24.4,1.48,15.88,12.2,1.07,1.8,0.0,2.87,-0.5,0.02,-11.02
Chicago,2021,6,Summer,28.78,33.9,3.44,18.22,10.0,3.55,172.3,0.0,3.66,1.59,2.01,40.22
Houston,2021,6,Summer,33.43,37.2,2.78,23.85,20.0,1.84,237.1,0.0,3.09,-0.11,0.33,69.81
Los Angeles,2021,6,Summer,21.64,26.7,1.84,15.67,13.3,1.19,0.0,0.0,3.56,-0.86,-0.8,-0.06
New York,2021,6,Summer,28.06,36.7,4.32,18.89,12.8,3.56,66.7,0.0,1.65,1.32,0.84,-40.98
Philadelphia,2021,6,Summer,29.23,36.1,3.94,18.63,12.2,3.33,77.8,0.0,3.67,0.65,0.11,-61.54
Phoenix,2021,6,Summer,41.94,46.14,3.1,28.03,23.3,3.2,4.3,0.0,3.58,0.9,1.02,2.88
San Antonio,2021,6,Summer,32.38,35.6,2.47,23.17,18.9,2.14,62.1,0.0,3.91,-1.52,-0.12,-5.89
San Diego,2021,6,Summer,22.71,30.6,1.9,17.55,13.9,1.46,0.3,0.0,2.71,0.33,0.23,-0.26
Chicago,2021,7,Summer,27.94,34.4,4.09,19.14,13.9,2.79,48.1,0.0,3.9,-0.9,0.16,-47.22
Houston,2021,7,Summer,33.75,37.2,2.61,24.06,21.1,1.18,79.5,0.0,2.31,-1.18,-0.51,-8.64
Los Angeles,2021,7,Summer,23.1,26.1,1.5,17.74,15.6,1.06,3.0,0.0,3.65,-1.27,-0.59,1.24
New York,2021,7,Summer,28.35,33.3,3.17,20.58,15.0,2.41,281.9,0.0,1.56,-1.39,-1.13,131.87
Philadelphia,2021,7,Summer,30.73,35.6,2.85,21.35,16.7,2.2,170.7,0.0,3.35,-0.49,-0.4,21.95
Phoenix,2021,7,Summer,39.81,44.4,4.49,28.72,22.8,3.22,44.0,0.0,3.37,-1.92,-1.02,25.54
San Antonio,2021,7,Summer,32.47,35.6,2.15,23.44,21.7,0.75,111.2,0.0,3.44,-3.43,-1.04,73.91
San Diego,2021,7,Summer,25.25,28.9,1.46,20.37,18.3,0.99,0.0,0.0,2.67,0.52,0.77,-4.49
Chicago,2021,8,Summer,30.09,35.0,2.68,20.07,15.6,2.33,114.6,0.0,3.34,1.63,1.69,45.91
Houston,2021,8,Summer,35.31,37.2,1.34,24.75,22.8,1.22,21.3,0.0,2.67,0.27,0.38,-114.51
Los Angeles,2021,8,Summer,23.95,26.7,1.39,17.94,16.1,1.02,0.5,0.0,3.6,-1.05,-0.81,0.37
New York,2021,8,Summer,28.81,34.4,2.95,21.8,17.2,2.09,262.1,0.0,1.54,-0.16,0.74,154.39
Philadelphia,2021,8,Summer,30.61,35.6,3.13,21.83,16.1,2.5,156.9,0.0,3.15,1.2,1.5,49.17
Phoenix,2021,8,Summer,39.57,46.1,3.5,27.73,21.7,3.38,39.2,0.0,2.97,-1.08,-0.75,12.87
San Antonio,2021,8,Summer,35.03,36.7,1.49,24.32,21.7,1.16,32.6,0.0,3.71,-1.12,-0.19,-15.14
San Diego,2021,8,Summer,25.85,30.0,1.53,20.39,17.8,1.27,5.8,0.0,2.75,-0.09,0.02,4.93
Chicago,2021,9,Fall,26.57,31.7,3.68,15.95,10.0,2.83,31.2,0.0,4.01,1.3,0.6,-43.48
Houston,2021,9,Fall,31.95,36.1,3.11,20.85,13.9,3.16,222.0,0.0,2.73,-0.39,-1.2,68.54
Los Angeles,2021,9,Fall,23.56,30.6,2.74,16.91,15.0,1.24,0.0,0.0,3.39,-2.36,-1.77,-5.64
New York,2021,9,Fall,24.79,29.4,2.52,17.76,12.2,2.7,254.8,0.0,1.78,-0.54,0.41,151.8
Philadelphia,2021,9,Fall,26.74,31.7,2.92,17.24,12.2,2.81,117.2,0.0,3.68,-0.08,0.26,28.85
Phoenix,2021,9,Fall,37.83,43.9,4.3,25.75,20.6,2.81,19.4,0.0,2.65,-0.22,-0.02,-4.66
San Antonio,2021,9,Fall,34.58,37.8,2.47,21.05,13.3,3.58,65.8,0.0,2.96,1.5,-0.78,-48.26
San Diego,2021,9,Fall,25.36,30.0,2.33,19.61,15.6,1.46,12.7,0.0,2.55,-0.98,-0.22,5.31
Chicago,2021,10,Fall,19.23,29.4,5.26,11.51,3.3,5.62,146.8,0.0,3.93,1.8,3.6,33.47
Houston,2021,10,Fall,29.43,33.3,2.97,18.12,8.3,4.4,92.5,0.0,2.77,1.1,1.75,-35.84
Los Angeles,2021,10,Fall,23.34,31.7,4.43,14.08,11.1,1.9,11.8,0.0,3.12,-1.71,-2.26,7.78
New York,2021,10,Fall,19.93,26.1,3.66,13.41,8.3,2.97,133.7,0.0,2.07,1.05,1.76,28.23
Philadelphia,2021,10,Fall,22.03,28.3,3.65,13.59,7.8,3.47,122.4,0.0,3.72,1.19,1.77,33.02
Phoenix,2021,10,Fall,30.45,36.7,3.39,17.08,11.1,3.08,8.1,0.0,2.74,-1.63,-1.53,-11.5
San Antonio,2021,10,Fall,29.02,32.8,2.9,16.92,7.8,4.55,167.1,0.0,3.24,0.14,0.13,89.58
San Diego,2021,10,Fall,23.95,32.2,3.75,14.68,10.0,2.68,25.6,0.0,2.06,-1.1,-2.21,19.13
Chicago,2021,11,Fall,8.97,18.3,5.05,0.3,-7.7,3.64,18.2,0.0,4.26,-0.91,-0.74,-30.08
Houston,2021,11,Fall,22.76,29.4,4.16,9.91,6.1,2.95,97.8,0.0,2.72,0.7,-0.67,21.36
Los Angeles,2021,11,Fall,22.08,32.8,5.21,13.17,10.0,1.84,0.0,0.0,2.34,-0.23,0.75,-16.08
New York,2021,11,Fall,11.54,20.6,4.59,4.29,-1.0,3.21,28.6,0.0,2.1,-1.14,-1.1,-63.32
Philadelphia,2021,11,Fall,13.15,22.8,4.68,3.23,-1.6,2.76,11.8,0.0,3.62,0.14,-0.31,-37.43
Phoenix,2021,11,Fall,28.48,32.8,2.45,13.89,9.4,2.18,0.0,0.0,2.09,2.7,1.22,-14.28
San Antonio,2021,11,Fall,22.47,27.8,4.06,9.88,3.3,4.07,32.2,0.0,3.01,0.26,-1.13,-24.07
San Diego,2021,11,Fall,22.85,33.3,4.21,12.98,7.2,2.59,0.0,0.0,1.69,0.35,0.12,-22.58
Chicago,2021,12,Winter,7.68,18.9,5.5,-0.96,-10.5,3.94,58.5,48.0,4.39,4.38,3.29,2.15
Houston,2021,12,Winter,24.94,29.4,4.42,14.88,4.4,5.85,53.3,0.0,3.34,4.38,3.93,-46.61
Los Angeles,2021,12,Winter,16.5,21.1,2.36,9.38,4.4,2.25,209.4,0.0,3.0,-2.75,-0.44,137.94
New York,2021,12,Winter,9.59,18.9,4.26,3.49,-3.8,3.53,35.4,5.0,2.39,1.82,1.74,-74.86
Philadelphia,2021,12,Winter,11.44,20.0,4.21,3.34,-3.8,3.61,41.7,0.0,3.39,2.2,1.62,-50.5
Phoenix,2021,12,Winter,20.66,29.4,4.2,9.55,3.3,2.86,39.0,0.0,2.12,0.91,1.49,18.18
San Antonio,2021,12,Winter,23.38,29.4,4.11,12.41,1.1,5.82,22.9,0.0,3.04,4.38,3.93,-28.13
San Diego,2021,12,Winter,16.85,20.6,1.69,9.42,3.3,3.09,65.6,0.0,2.23,-2.59,-0.62,9.85
Chicago,2022,1,Winter,-0.12,10.56,4.81,-8.08,-21.0,5.01,21.4,354.0,4.75,-1.49,-2.67,-31.21
Houston,2022,1,Winter,18.07,29.4,5.0,5.06,-1.0,4.51,239.3,0.0,3.59,0.3,-1.06,141.45
Los Angeles,2022,1,Winter,20.29,26.7,3.27,10.0,6.7,2.45,2.3,0.0,2.34,0.71,0.02,-54.18
New York,2022,1,Winter,2.85,15.0,5.11,-4.61,-12.1,4.97,109.0,387.0,3.03,-1.36,-2.07,21.84
Philadelphia,2022,1,Winter,4.62,17.2,5.08,-4.09,-11.6,4.6,85.0,307.0,4.54,-0.66,-1.24,4.08
Phoenix,2022,1,Winter,20.86,23.3,2.2,7.73,2.2,2.17,3.1,0.0,2.38,0.66,0.25,-13.17
San Antonio,2022,1,Winter,17.05,26.1,5.39,3.45,-3.2,3.86,8.2,0.0,3.47,-0.84,-1.67,-32.35
San Diego,2022,1,Winter,19.37,25.0,2.56,8.27,3.3,2.55,4.1,0.0,1.33,-0.25,-1.88,-33.76
Chicago,2022,2,Winter,1.85,12.8,5.59,-6.86,-15.5,4.78,65.9,327.0,5.26,0.74,0.9,11.11
Houston,2022,2,Winter,17.55,28.3,6.65,4.54,-2.7,5.53,31.2,0.0,3.9,-2.16,-3.98,-21.0
Los Angeles,2022,2,Winter,21.63,31.7,4.93,9.32,3.9,2.5,1.1,0.0,2.96,2.12,-0.96,-30.73
New York,2022,2,Winter,7.65,20.0,6.79,-1.65,-8.8,4.5,82.1,51.0,2.88,1.74,-0.13,-15.13
Philadelphia,2022,2,Winter,9.91,21.7,6.41,-1.27,-7.7,3.69,73.0,10.0,4.2,2.89,0.39,-11.81
Phoenix,2022,2,Winter,22.06,27.8,4.54,8.09,2.8,2.7,7.1,0.0,2.74,-0.15,-1.09,-8.24
San Antonio,2022,2,Winter,17.61,29.4,7.46,2.52,-6.0,5.73,44.3,0.0,4.05,-2.08,-3.98,11.98
San Diego,2022,2,Winter,20.9,32.8,4.9,7.3,3.3,2.53,17.8,0.0,2.09,1.03,-3.41,-9.05
Chicago,2022,3,Spring,9.48,23.3,7.47,0.24,-11.6,4.9,93.8,97.0,4.69,1.47,1.38,31.71
Houston,2022,3,Spring,23.66,30.0,4.46,9.69,0.0,5.59,73.0,0.0,4.18,-0.11,-2.43,0.38
Los Angeles,2022,3,Spring,20.68,28.9,3.24,11.44,6.7,1.94,28.0,0.0,3.59,0.9,-0.22,-6.94
New York,2022,3,Spring,11.99,23.3,6.27,2.81,-6.0,5.08,60.7,10.0,2.98,2.04,1.07,-31.64
Philadelphia,2022,3,Spring,13.96,25.0,6.35,3.64,-4.9,5.16,53.1,10.0,4.66,2.96,2.23,-46.44
Phoenix,2022,3,Spring,26.64,35.6,4.52,12.16,6.7,3.31,3.8,0.0,3.19,0.15,-0.67,-9.47
San Antonio,2022,3,Spring,25.13,32.8,4.84,8.09,-3.2,5.72,8.1,0.0,4.34,1.14,-3.59,-36.49
San Diego,2022,3,Spring,19.67,29.4,3.28,10.74,5.6,2.39,40.8,0.0,2.54,-0.53,-2.05,11.06
Chicago,2022,4,Spring,12.86,28.9,6.14,3.86,-1.6,3.79,134.8,11.0,5.0,-1.6,0.02,27.6
Houston,2022,4,Spring,28.11,32.2,2.06,17.23,6.7,4.6,50.6,0.0,4.93,1.54,1.8,-57.65
Los Angeles,2022,4,Spring,21.77,36.1,4.89,13.31,10.6,1.6,5.9,0.0,4.06,0.8,0.19,-4.56
New York,2022,4,Spring,15.81,26.1,4.36,7.24,3.3,2.93,115.0,0.0,2.86,-0.55,-0.02,16.55
Philadelphia,2022,4,Spring,17.43,28.3,4.7,7.02,0.0,3.06,114.7,0.0,4.75,-0.66,-0.33,19.68
Phoenix,2022,4,Spring,32.26,37.2,3.39,16.85,9.4,2.39,0.0,0.0,3.31,0.92,-0.05,-2.11
San Antonio,2022,4,Spring,29.59,36.7,3.46,17.44,6.7,4.35,31.6,0.0,4.81,2.35,2.19,-55.01
San Diego,2022,4,Spring,20.81,35.0,4.14,12.93,8.9,1.53,0.6,0.0,2.85,-0.52,-1.53,-12.33
Chicago,2022,5,Spring,22.35,32.8,7.5,12.89,3.9,5.74,88.3,0.0,4.8,0.96,2.36,-50.31
Houston,2022,5,Spring,32.29,35.0,2.21,22.07,16.1,2.84,109.3,0.0,4.41,2.13,2.14,-59.74
Los Angeles,2022,5,Spring,20.95,27.2,2.2,14.25,10.6,1.38,0.0,0.0,3.66,-0.05,-0.25,-6.24
New York,2022,5,Spring,22.25,33.9,5.24,13.33,7.2,3.57,114.8,0.0,2.15,0.07,0.47,-0.15
Philadelphia,2022,5,Spring,24.92,35.6,5.1,14.51,6.7,4.11,105.7,0.0,3.92,0.97,1.12,13.09
Phoenix,2022,5,Spring,36.45,41.1,2.99,21.47,15.0,2.58,0.0,0.0,3.46,1.4,0.48,-0.47
San Antonio,2022,5,Spring,34.88,38.3,2.98,21.74,15.0,2.42,21.9,0.0,5.26,4.09,2.18,-114.51
San Diego,2022,5,Spring,19.63,27.2,2.13,14.03,9.4,1.52,0.5,0.0,3.01,-1.44,-1.83,-12.32
Chicago,2022,6,Summer,28.09,37.2,5.0,16.58,11.1,3.63,67.8,0.0,3.84,0.91,0.37,-64.28
Houston,2022,6,Summer,36.04,38.9,2.28,24.7,21.1,1.55,3.4,0.0,3.2,2.5,1.19,-114.51
Los Angeles,2022,6,Summer,23.14,26.7,1.42,16.87,15.0,0.75,0.3,0.0,3.58,0.65,0.4,0.24
New York,2022,6,Summer,26.09,32.2,3.07,17.67,12.2,2.42,74.1,0.0,1.79,-0.65,-0.38,-33.58
Philadelphia,2022,6,Summer,28.66,35.6,2.98,18.43,13.9,2.23,127.8,0.0,3.66,0.07,-0.09,-11.54
Phoenix,2022,6,Summer,41.39,45.6,2.29,27.74,22.2,2.87,8.2,0.0,3.45,-0.03,0.73,6.78
San Antonio,2022,6,Summer,37.52,40.6,1.7,24.31,20.6,1.29,16.0,0.0,4.54,3.62,1.02,-51.99
San Diego,2022,6,Summer,21.62,25.0,1.88,16.58,13.3,1.3,0.0,0.0,2.62,-0.76,-0.74,-0.56
Chicago,2022,7,Summer,28.62,34.4,2.99,19.45,15.0,1.91,114.3,0.0,3.91,-0.22,0.47,18.98
Houston,2022,7,Summer,36.94,40.6,1.93,25.32,23.3,1.34,34.3,0.0,3.25,2.02,0.75,-53.84
Los Angeles,2022,7,Summer,23.94,29.4,1.64,17.8,16.7,0.96,0.0,0.0,3.65,-0.43,-0.54,-1.76
New York,2022,7,Summer,30.72,35.0,2.24,22.11,18.3,1.93,115.6,0.0,1.66,0.98,0.4,-34.43
Philadelphia,2022,7,Summer,31.75,34.4,2.34,22.16,18.3,1.85,42.5,0.0,3.42,0.53,0.41,-48.67
Phoenix,2022,7,Summer,41.94,46.1,3.12,28.99,24.4,2.8,5.4,0.0,3.71,0.21,0.26,-13.06
San Antonio,2022,7,Summer,38.65,41.7,1.15,25.57,23.3,0.99,0.3,0.0,4.74,2.74,1.1,-36.99
San Diego,2022,7,Summer,23.12,26.7,1.65,18.56,17.2,0.9,0.0,0.0,2.68,-1.61,-1.04,-4.49
Chicago,2022,8,Summer,28.34,35.0,2.5,18.71,14.4,2.46,52.2,0.0,3.75,-0.12,0.33,-16.49
Houston,2022,8,Summer,34.68,38.9,2.87,24.27,21.7,1.13,218.0,0.0,2.86,-0.36,-0.09,44.17
Los Angeles,2022,8,Summer,25.57,28.9,1.79,19.1,16.7,1.03,0.0,0.0,3.56,0.56,0.35,-0.13
New York,2022,8,Summer,30.5,36.1,2.65,22.08,16.7,2.41,43.4,0.0,1.64,1.53,1.02,-64.31
Phoenix,2022,8,Summer,39.72,43.9,2.11,28.44,23.9,2.33,23.1,0.0,3.17,-0.93,-0.04,-3.23
San Antonio,2022,8,Summer,35.89,39.4,2.32,24.99,23.3,0.82,53.5,0.0,3.77,-0.26,0.47,5.76
San Diego,2022,8,Summer,26.41,29.4,1.5,20.75,19.4,0.75,0.0,0.0,2.62,0.47,0.38,-0.87
Chicago,2022,9,Fall,24.43,31.1,5.04,14.89,6.7,4.22,56.0,0.0,3.68,-0.84,-0.46,-18.68
Houston,2022,9,Fall,33.22,36.7,1.96,20.93,12.8,2.72,19.1,0.0,2.34,0.88,-1.12,-114.51
Los Angeles,2022,9,Fall,28.45,38.9,4.06,20.46,16.7,2.07,3.3,0.0,3.4,2.53,1.79,-2.34
New York,2022,9,Fall,24.92,32.2,3.94,16.78,9.4,3.46,104.1,0.0,1.92,-0.4,-0.57,1.1
Phoenix,2022,9,Fall,38.72,43.3,2.93,26.95,23.3,2.62,20.0,0.0,2.93,0.67,1.18,-4.06
San Antonio,2022,9,Fall,34.06,36.1,1.31,22.02,15.6,2.67,24.9,0.0,2.78,0.99,0.19,-89.16
San Diego,2022,9,Fall,27.67,35.0,3.4,20.74,16.7,2.09,16.5,0.0,2.39,1.33,0.91,9.11
Chicago,2022,10,Fall,17.71,26.1,5.51,6.76,0.6,4.27,42.2,0.0,4.12,0.28,-1.15,-71.12
Houston,2022,10,Fall,28.1,34.4,4.25,14.15,5.6,3.7,46.5,0.0,2.98,-0.23,-2.22,-81.84
Los Angeles,2022,10,Fall,23.8,34.4,2.71,16.8,12.2,2.37,6.1,0.0,2.92,-1.26,0.46,2.08
New York,2022,10,Fall,17.43,24.4,3.35,10.22,5.6,2.8,129.0,0.0,2.17,-1.45,-1.42,23.53
Phoenix,2022,10,Fall,31.09,37.2,4.11,19.36,11.7,4.34,24.1,0.0,2.84,-0.98,0.75,4.5
San Antonio,2022,10,Fall,28.98,34.4,3.55,15.84,7.8,4.34,26.7,0.0,3.27,0.1,-0.96,-50.82
San Diego,2022,10,Fall,23.38,35.0,2.69,16.88,10.6,2.76,2.4,0.0,2.11,-1.66,-0.01,-4.07
Chicago,2022,11,Fall,10.92,24.4,7.98,1.76,-10.5,6.33,21.9,28.0,4.76,1.04,0.72,-26.38
Houston,2022,11,Fall,20.89,30.0,6.73,10.68,2.2,5.5,126.3,0.0,3.56,-1.17,0.1,49.86
Los Angeles,2022,11,Fall,20.88,25.6,2.51,10.29,7.8,1.88,45.0,0.0,2.91,-1.43,-2.12,28.92
New York,2022,11,Fall,14.02,25.0,6.25,7.01,-2.7,5.74,79.9,0.0,2.4,1.34,1.62,-12.02
Phoenix,2022,11,Fall,22.37,27.2,2.34,8.96,5.6,2.66,1.0,0.0,2.38,-3.41,-3.71,-13.28
San Antonio,2022,11,Fall,20.57,31.1,7.14,10.91,3.3,6.08,45.7,0.0,3.59,-1.64,-0.1,-10.57
San Diego,2022,11,Fall,20.56,27.8,2.56,9.33,5.6,3.01,27.1,0.0,1.99,-1.94,-3.53,4.52
Chicago,2022,12,Winter,2.09,15.0,7.18,-5.2,-21.04,7.2,55.0,81.0,4.74,-1.2,-0.95,-1.35
Houston,2022,12,Winter,19.29,27.8,7.25,8.58,-9.3,7.2,98.6,0.0,3.25,-0.17,0.03,-1.31
Los Angeles,2022,12,Winter,17.88,28.3,3.25,9.62,6.1,2.36,70.8,0.0,2.53,-1.37,-0.2,-0.66
New York,2022,12,Winter,6.76,16.7,5.6,0.46,-13.8,5.87,148.1,0.0,2.83,-1.0,-1.29,37.84
Phoenix,2022,12,Winter,18.35,23.3,2.87,7.76,2.2,3.09,51.0,0.0,1.86,-1.4,-0.3,30.18
San Antonio,2022,12,Winter,18.48,27.2,7.1,7.49,-8.8,7.2,11.9,0.0,3.18,-0.53,-0.11,-39.13
San Diego,2022,12,Winter,18.3,27.8,2.87,8.72,3.9,3.14,40.1,0.0,1.58,-1.13,-1.33,-15.65
